[
{
  "model": "admin.logentry",
  "pk": 1,
  "fields": {
    "action_time": "2026-05-28T21:42:53.119Z",
    "user": 1,
    "content_type": 2,
    "object_id": "1",
    "object_repr": "Admin",
    "action_flag": 1,
    "change_message": "[{\"added\": {}}]"
  }
},
{
  "model": "admin.logentry",
  "pk": 2,
  "fields": {
    "action_time": "2026-05-28T21:43:04.058Z",
    "user": 1,
    "content_type": 2,
    "object_id": "2",
    "object_repr": "CSSD",
    "action_flag": 1,
    "change_message": "[{\"added\": {}}]"
  }
},
{
  "model": "admin.logentry",
  "pk": 3,
  "fields": {
    "action_time": "2026-05-28T21:43:19.819Z",
    "user": 1,
    "content_type": 2,
    "object_id": "3",
    "object_repr": "Male Clinics",
    "action_flag": 1,
    "change_message": "[{\"added\": {}}]"
  }
},
{
  "model": "admin.logentry",
  "pk": 4,
  "fields": {
    "action_time": "2026-05-28T21:43:38.139Z",
    "user": 1,
    "content_type": 2,
    "object_id": "4",
    "object_repr": "Female Clinics",
    "action_flag": 1,
    "change_message": "[{\"added\": {}}]"
  }
},
{
  "model": "admin.logentry",
  "pk": 5,
  "fields": {
    "action_time": "2026-05-28T21:44:02.817Z",
    "user": 1,
    "content_type": 2,
    "object_id": "5",
    "object_repr": "Specialty Clinics",
    "action_flag": 1,
    "change_message": "[{\"added\": {}}]"
  }
},
{
  "model": "admin.logentry",
  "pk": 6,
  "fields": {
    "action_time": "2026-05-28T21:44:22.667Z",
    "user": 1,
    "content_type": 2,
    "object_id": "6",
    "object_repr": "Emergency Clinics",
    "action_flag": 1,
    "change_message": "[{\"added\": {}}]"
  }
},
{
  "model": "admin.logentry",
  "pk": 7,
  "fields": {
    "action_time": "2026-05-28T21:45:13.068Z",
    "user": 1,
    "content_type": 4,
    "object_id": "1",
    "object_repr": "admin",
    "action_flag": 2,
    "change_message": "[{\"changed\": {\"fields\": [\"Groups\", \"User permissions\"]}}]"
  }
},
{
  "model": "admin.logentry",
  "pk": 8,
  "fields": {
    "action_time": "2026-05-28T22:11:42.179Z",
    "user": 1,
    "content_type": 12,
    "object_id": "1",
    "object_repr": "Male Clinics",
    "action_flag": 1,
    "change_message": "[{\"added\": {}}]"
  }
},
{
  "model": "admin.logentry",
  "pk": 9,
  "fields": {
    "action_time": "2026-05-28T22:12:06.221Z",
    "user": 1,
    "content_type": 12,
    "object_id": "2",
    "object_repr": "Female Clinics",
    "action_flag": 1,
    "change_message": "[{\"added\": {}}]"
  }
},
{
  "model": "admin.logentry",
  "pk": 10,
  "fields": {
    "action_time": "2026-05-28T22:12:32.032Z",
    "user": 1,
    "content_type": 12,
    "object_id": "3",
    "object_repr": "Specialty Clinic 1",
    "action_flag": 1,
    "change_message": "[{\"added\": {}}]"
  }
},
{
  "model": "admin.logentry",
  "pk": 11,
  "fields": {
    "action_time": "2026-05-28T22:12:48.492Z",
    "user": 1,
    "content_type": 12,
    "object_id": "4",
    "object_repr": "Specialty Clinic 2",
    "action_flag": 1,
    "change_message": "[{\"added\": {}}]"
  }
},
{
  "model": "admin.logentry",
  "pk": 12,
  "fields": {
    "action_time": "2026-05-28T22:13:09.988Z",
    "user": 1,
    "content_type": 12,
    "object_id": "5",
    "object_repr": "Specialty Clinic 3",
    "action_flag": 1,
    "change_message": "[{\"added\": {}}]"
  }
},
{
  "model": "admin.logentry",
  "pk": 13,
  "fields": {
    "action_time": "2026-05-28T22:13:25.160Z",
    "user": 1,
    "content_type": 12,
    "object_id": "6",
    "object_repr": "Specialty Clinic 4",
    "action_flag": 1,
    "change_message": "[{\"added\": {}}]"
  }
},
{
  "model": "admin.logentry",
  "pk": 14,
  "fields": {
    "action_time": "2026-05-28T22:13:40.200Z",
    "user": 1,
    "content_type": 12,
    "object_id": "7",
    "object_repr": "Specialty Clinic 5",
    "action_flag": 1,
    "change_message": "[{\"added\": {}}]"
  }
},
{
  "model": "admin.logentry",
  "pk": 15,
  "fields": {
    "action_time": "2026-05-28T22:13:52.870Z",
    "user": 1,
    "content_type": 12,
    "object_id": "8",
    "object_repr": "Specialty Clinic 6",
    "action_flag": 1,
    "change_message": "[{\"added\": {}}]"
  }
},
{
  "model": "admin.logentry",
  "pk": 16,
  "fields": {
    "action_time": "2026-05-28T22:14:12.000Z",
    "user": 1,
    "content_type": 12,
    "object_id": "9",
    "object_repr": "Emergency Clinic 1",
    "action_flag": 1,
    "change_message": "[{\"added\": {}}]"
  }
},
{
  "model": "admin.logentry",
  "pk": 17,
  "fields": {
    "action_time": "2026-05-28T22:14:24.449Z",
    "user": 1,
    "content_type": 12,
    "object_id": "10",
    "object_repr": "Emergency Clinic 2",
    "action_flag": 1,
    "change_message": "[{\"added\": {}}]"
  }
},
{
  "model": "admin.logentry",
  "pk": 18,
  "fields": {
    "action_time": "2026-05-28T22:14:38.490Z",
    "user": 1,
    "content_type": 12,
    "object_id": "11",
    "object_repr": "CSSD",
    "action_flag": 1,
    "change_message": "[{\"added\": {}}]"
  }
},
{
  "model": "admin.logentry",
  "pk": 19,
  "fields": {
    "action_time": "2026-05-28T22:15:28.670Z",
    "user": 1,
    "content_type": 10,
    "object_id": "1",
    "object_repr": "Student",
    "action_flag": 1,
    "change_message": "[{\"added\": {}}]"
  }
},
{
  "model": "admin.logentry",
  "pk": 20,
  "fields": {
    "action_time": "2026-05-28T22:15:58.897Z",
    "user": 1,
    "content_type": 10,
    "object_id": "2",
    "object_repr": "Specialty",
    "action_flag": 1,
    "change_message": "[{\"added\": {}}]"
  }
},
{
  "model": "admin.logentry",
  "pk": 21,
  "fields": {
    "action_time": "2026-05-28T22:16:22.540Z",
    "user": 1,
    "content_type": 10,
    "object_id": "3",
    "object_repr": "Surgery",
    "action_flag": 1,
    "change_message": "[{\"added\": {}}]"
  }
},
{
  "model": "admin.logentry",
  "pk": 22,
  "fields": {
    "action_time": "2026-05-28T22:16:33.468Z",
    "user": 1,
    "content_type": 10,
    "object_id": "4",
    "object_repr": "Endo",
    "action_flag": 1,
    "change_message": "[{\"added\": {}}]"
  }
},
{
  "model": "admin.logentry",
  "pk": 23,
  "fields": {
    "action_time": "2026-05-28T22:16:49.421Z",
    "user": 1,
    "content_type": 10,
    "object_id": "5",
    "object_repr": "Perio",
    "action_flag": 1,
    "change_message": "[{\"added\": {}}]"
  }
},
{
  "model": "admin.logentry",
  "pk": 24,
  "fields": {
    "action_time": "2026-05-28T22:31:11.805Z",
    "user": 1,
    "content_type": 7,
    "object_id": "1",
    "object_repr": "Request #1 - Male Clinics",
    "action_flag": 1,
    "change_message": "[{\"added\": {}}, {\"added\": {\"name\": \"cssd request template\", \"object\": \"Request #1 - Male Clinics - Surgery\"}}]"
  }
},
{
  "model": "admin.logentry",
  "pk": 25,
  "fields": {
    "action_time": "2026-05-29T01:13:30.202Z",
    "user": 1,
    "content_type": 10,
    "object_id": "6",
    "object_repr": "Extraction Set",
    "action_flag": 1,
    "change_message": "[{\"added\": {}}]"
  }
},
{
  "model": "admin.logentry",
  "pk": 26,
  "fields": {
    "action_time": "2026-05-29T04:30:47.732Z",
    "user": 1,
    "content_type": 4,
    "object_id": "2",
    "object_repr": "male-ass",
    "action_flag": 1,
    "change_message": "[{\"added\": {}}]"
  }
},
{
  "model": "admin.logentry",
  "pk": 27,
  "fields": {
    "action_time": "2026-05-29T04:31:13.573Z",
    "user": 1,
    "content_type": 4,
    "object_id": "3",
    "object_repr": "ass-female",
    "action_flag": 1,
    "change_message": "[{\"added\": {}}]"
  }
},
{
  "model": "admin.logentry",
  "pk": 28,
  "fields": {
    "action_time": "2026-05-29T04:32:28.252Z",
    "user": 1,
    "content_type": 4,
    "object_id": "3",
    "object_repr": "female-ass",
    "action_flag": 2,
    "change_message": "[{\"changed\": {\"fields\": [\"Username\", \"Groups\", \"Date joined\"]}}]"
  }
},
{
  "model": "admin.logentry",
  "pk": 29,
  "fields": {
    "action_time": "2026-05-29T04:32:53.226Z",
    "user": 1,
    "content_type": 4,
    "object_id": "3",
    "object_repr": "female-ass",
    "action_flag": 2,
    "change_message": "[{\"changed\": {\"fields\": [\"Date joined\"]}}]"
  }
},
{
  "model": "admin.logentry",
  "pk": 30,
  "fields": {
    "action_time": "2026-05-29T04:33:18.834Z",
    "user": 1,
    "content_type": 4,
    "object_id": "4",
    "object_repr": "spec-ass",
    "action_flag": 1,
    "change_message": "[{\"added\": {}}]"
  }
},
{
  "model": "admin.logentry",
  "pk": 31,
  "fields": {
    "action_time": "2026-05-29T04:33:54.163Z",
    "user": 1,
    "content_type": 4,
    "object_id": "5",
    "object_repr": "cssd",
    "action_flag": 1,
    "change_message": "[{\"added\": {}}]"
  }
},
{
  "model": "admin.logentry",
  "pk": 32,
  "fields": {
    "action_time": "2026-05-29T04:34:26.032Z",
    "user": 1,
    "content_type": 4,
    "object_id": "6",
    "object_repr": "emr-ass",
    "action_flag": 1,
    "change_message": "[{\"added\": {}}]"
  }
},
{
  "model": "admin.logentry",
  "pk": 33,
  "fields": {
    "action_time": "2026-05-29T04:34:52.865Z",
    "user": 1,
    "content_type": 4,
    "object_id": "5",
    "object_repr": "cssd",
    "action_flag": 2,
    "change_message": "[{\"changed\": {\"fields\": [\"Groups\"]}}]"
  }
},
{
  "model": "admin.logentry",
  "pk": 34,
  "fields": {
    "action_time": "2026-05-29T04:35:03.191Z",
    "user": 1,
    "content_type": 4,
    "object_id": "6",
    "object_repr": "emr-ass",
    "action_flag": 2,
    "change_message": "[{\"changed\": {\"fields\": [\"Groups\"]}}]"
  }
},
{
  "model": "admin.logentry",
  "pk": 35,
  "fields": {
    "action_time": "2026-05-29T04:35:21.948Z",
    "user": 1,
    "content_type": 4,
    "object_id": "2",
    "object_repr": "male-ass",
    "action_flag": 2,
    "change_message": "[{\"changed\": {\"fields\": [\"Groups\"]}}]"
  }
},
{
  "model": "admin.logentry",
  "pk": 36,
  "fields": {
    "action_time": "2026-05-29T04:35:41.255Z",
    "user": 1,
    "content_type": 4,
    "object_id": "5",
    "object_repr": "cssd",
    "action_flag": 2,
    "change_message": "[]"
  }
},
{
  "model": "admin.logentry",
  "pk": 37,
  "fields": {
    "action_time": "2026-05-29T04:36:03.066Z",
    "user": 1,
    "content_type": 4,
    "object_id": "4",
    "object_repr": "spec-ass",
    "action_flag": 2,
    "change_message": "[{\"changed\": {\"fields\": [\"Groups\"]}}]"
  }
},
{
  "model": "admin.logentry",
  "pk": 38,
  "fields": {
    "action_time": "2026-05-29T04:48:45.001Z",
    "user": 1,
    "content_type": 4,
    "object_id": "2",
    "object_repr": "male-ass",
    "action_flag": 2,
    "change_message": "[]"
  }
},
{
  "model": "admin.logentry",
  "pk": 39,
  "fields": {
    "action_time": "2026-05-29T04:53:25.650Z",
    "user": 1,
    "content_type": 2,
    "object_id": "3",
    "object_repr": "Male",
    "action_flag": 2,
    "change_message": "[{\"changed\": {\"fields\": [\"Name\"]}}]"
  }
},
{
  "model": "admin.logentry",
  "pk": 40,
  "fields": {
    "action_time": "2026-05-29T04:53:33.496Z",
    "user": 1,
    "content_type": 2,
    "object_id": "4",
    "object_repr": "Female",
    "action_flag": 2,
    "change_message": "[{\"changed\": {\"fields\": [\"Name\"]}}]"
  }
},
{
  "model": "admin.logentry",
  "pk": 41,
  "fields": {
    "action_time": "2026-05-29T04:53:54.168Z",
    "user": 1,
    "content_type": 2,
    "object_id": "6",
    "object_repr": "Emergency",
    "action_flag": 2,
    "change_message": "[{\"changed\": {\"fields\": [\"Name\"]}}]"
  }
},
{
  "model": "admin.logentry",
  "pk": 42,
  "fields": {
    "action_time": "2026-05-29T04:54:12.088Z",
    "user": 1,
    "content_type": 2,
    "object_id": "5",
    "object_repr": "Specialty",
    "action_flag": 2,
    "change_message": "[{\"changed\": {\"fields\": [\"Name\"]}}]"
  }
},
{
  "model": "admin.logentry",
  "pk": 43,
  "fields": {
    "action_time": "2026-05-29T04:57:07.227Z",
    "user": 1,
    "content_type": 2,
    "object_id": "1",
    "object_repr": "ADMIN",
    "action_flag": 2,
    "change_message": "[{\"changed\": {\"fields\": [\"Name\"]}}]"
  }
},
{
  "model": "admin.logentry",
  "pk": 44,
  "fields": {
    "action_time": "2026-05-29T04:57:43.989Z",
    "user": 1,
    "content_type": 2,
    "object_id": "6",
    "object_repr": "EMERGENCY",
    "action_flag": 2,
    "change_message": "[{\"changed\": {\"fields\": [\"Name\"]}}]"
  }
},
{
  "model": "admin.logentry",
  "pk": 45,
  "fields": {
    "action_time": "2026-05-29T04:57:58.400Z",
    "user": 1,
    "content_type": 2,
    "object_id": "4",
    "object_repr": "FEMALE",
    "action_flag": 2,
    "change_message": "[{\"changed\": {\"fields\": [\"Name\"]}}]"
  }
},
{
  "model": "admin.logentry",
  "pk": 46,
  "fields": {
    "action_time": "2026-05-29T04:58:06.954Z",
    "user": 1,
    "content_type": 2,
    "object_id": "3",
    "object_repr": "MALE",
    "action_flag": 2,
    "change_message": "[{\"changed\": {\"fields\": [\"Name\"]}}]"
  }
},
{
  "model": "admin.logentry",
  "pk": 47,
  "fields": {
    "action_time": "2026-05-29T04:58:29.950Z",
    "user": 1,
    "content_type": 2,
    "object_id": "5",
    "object_repr": "SPECIALTY",
    "action_flag": 2,
    "change_message": "[{\"changed\": {\"fields\": [\"Name\"]}}]"
  }
},
{
  "model": "admin.logentry",
  "pk": 48,
  "fields": {
    "action_time": "2026-05-29T04:58:59.774Z",
    "user": 1,
    "content_type": 4,
    "object_id": "2",
    "object_repr": "male-ass",
    "action_flag": 2,
    "change_message": "[]"
  }
},
{
  "model": "admin.logentry",
  "pk": 49,
  "fields": {
    "action_time": "2026-05-29T06:48:29.422Z",
    "user": 1,
    "content_type": 4,
    "object_id": "7",
    "object_repr": "asrar",
    "action_flag": 1,
    "change_message": "[{\"added\": {}}]"
  }
},
{
  "model": "admin.logentry",
  "pk": 50,
  "fields": {
    "action_time": "2026-05-29T06:48:49.867Z",
    "user": 1,
    "content_type": 4,
    "object_id": "8",
    "object_repr": "sabrin",
    "action_flag": 1,
    "change_message": "[{\"added\": {}}]"
  }
},
{
  "model": "admin.logentry",
  "pk": 51,
  "fields": {
    "action_time": "2026-05-29T06:48:58.520Z",
    "user": 1,
    "content_type": 4,
    "object_id": "9",
    "object_repr": "laila",
    "action_flag": 1,
    "change_message": "[{\"added\": {}}]"
  }
},
{
  "model": "admin.logentry",
  "pk": 52,
  "fields": {
    "action_time": "2026-05-29T06:49:18.600Z",
    "user": 1,
    "content_type": 4,
    "object_id": "10",
    "object_repr": "youmna",
    "action_flag": 1,
    "change_message": "[{\"added\": {}}]"
  }
},
{
  "model": "admin.logentry",
  "pk": 53,
  "fields": {
    "action_time": "2026-05-29T06:49:30.440Z",
    "user": 1,
    "content_type": 4,
    "object_id": "11",
    "object_repr": "rahaf",
    "action_flag": 1,
    "change_message": "[{\"added\": {}}]"
  }
},
{
  "model": "admin.logentry",
  "pk": 54,
  "fields": {
    "action_time": "2026-05-29T06:49:40.158Z",
    "user": 1,
    "content_type": 4,
    "object_id": "12",
    "object_repr": "amna",
    "action_flag": 1,
    "change_message": "[{\"added\": {}}]"
  }
},
{
  "model": "admin.logentry",
  "pk": 55,
  "fields": {
    "action_time": "2026-05-29T06:49:54.130Z",
    "user": 1,
    "content_type": 4,
    "object_id": "12",
    "object_repr": "amna",
    "action_flag": 2,
    "change_message": "[{\"changed\": {\"fields\": [\"Groups\"]}}]"
  }
},
{
  "model": "admin.logentry",
  "pk": 56,
  "fields": {
    "action_time": "2026-05-29T06:50:04.430Z",
    "user": 1,
    "content_type": 4,
    "object_id": "7",
    "object_repr": "asrar",
    "action_flag": 2,
    "change_message": "[{\"changed\": {\"fields\": [\"Groups\"]}}]"
  }
},
{
  "model": "admin.logentry",
  "pk": 57,
  "fields": {
    "action_time": "2026-05-29T06:50:19.233Z",
    "user": 1,
    "content_type": 4,
    "object_id": "9",
    "object_repr": "laila",
    "action_flag": 2,
    "change_message": "[{\"changed\": {\"fields\": [\"Groups\"]}}]"
  }
},
{
  "model": "admin.logentry",
  "pk": 58,
  "fields": {
    "action_time": "2026-05-29T06:50:33.749Z",
    "user": 1,
    "content_type": 4,
    "object_id": "11",
    "object_repr": "rahaf",
    "action_flag": 2,
    "change_message": "[{\"changed\": {\"fields\": [\"Groups\"]}}]"
  }
},
{
  "model": "admin.logentry",
  "pk": 59,
  "fields": {
    "action_time": "2026-05-29T06:50:50.420Z",
    "user": 1,
    "content_type": 4,
    "object_id": "8",
    "object_repr": "sabrin",
    "action_flag": 2,
    "change_message": "[{\"changed\": {\"fields\": [\"Groups\"]}}]"
  }
},
{
  "model": "admin.logentry",
  "pk": 60,
  "fields": {
    "action_time": "2026-05-29T06:51:03.657Z",
    "user": 1,
    "content_type": 4,
    "object_id": "10",
    "object_repr": "youmna",
    "action_flag": 2,
    "change_message": "[{\"changed\": {\"fields\": [\"Groups\"]}}]"
  }
},
{
  "model": "admin.logentry",
  "pk": 61,
  "fields": {
    "action_time": "2026-05-29T06:51:18.138Z",
    "user": 1,
    "content_type": 4,
    "object_id": "13",
    "object_repr": "debiah",
    "action_flag": 1,
    "change_message": "[{\"added\": {}}]"
  }
},
{
  "model": "admin.logentry",
  "pk": 62,
  "fields": {
    "action_time": "2026-05-29T06:51:29.353Z",
    "user": 1,
    "content_type": 4,
    "object_id": "13",
    "object_repr": "debiah",
    "action_flag": 2,
    "change_message": "[{\"changed\": {\"fields\": [\"Groups\"]}}]"
  }
},
{
  "model": "admin.logentry",
  "pk": 63,
  "fields": {
    "action_time": "2026-05-29T06:52:06.872Z",
    "user": 1,
    "content_type": 4,
    "object_id": "14",
    "object_repr": "elaf",
    "action_flag": 1,
    "change_message": "[{\"added\": {}}]"
  }
},
{
  "model": "admin.logentry",
  "pk": 64,
  "fields": {
    "action_time": "2026-05-29T06:52:14.515Z",
    "user": 1,
    "content_type": 4,
    "object_id": "14",
    "object_repr": "elaf",
    "action_flag": 2,
    "change_message": "[{\"changed\": {\"fields\": [\"Groups\"]}}]"
  }
},
{
  "model": "admin.logentry",
  "pk": 65,
  "fields": {
    "action_time": "2026-05-29T06:53:40.935Z",
    "user": 1,
    "content_type": 4,
    "object_id": "12",
    "object_repr": "amna",
    "action_flag": 2,
    "change_message": "[{\"changed\": {\"fields\": [\"password\"]}}]"
  }
},
{
  "model": "admin.logentry",
  "pk": 66,
  "fields": {
    "action_time": "2026-05-29T06:53:50.300Z",
    "user": 1,
    "content_type": 4,
    "object_id": "12",
    "object_repr": "amna",
    "action_flag": 2,
    "change_message": "[]"
  }
},
{
  "model": "admin.logentry",
  "pk": 67,
  "fields": {
    "action_time": "2026-05-29T06:54:07.193Z",
    "user": 1,
    "content_type": 4,
    "object_id": "7",
    "object_repr": "asrar",
    "action_flag": 2,
    "change_message": "[{\"changed\": {\"fields\": [\"password\"]}}]"
  }
},
{
  "model": "admin.logentry",
  "pk": 68,
  "fields": {
    "action_time": "2026-05-29T06:54:27.156Z",
    "user": 1,
    "content_type": 4,
    "object_id": "13",
    "object_repr": "debiah",
    "action_flag": 2,
    "change_message": "[{\"changed\": {\"fields\": [\"password\"]}}]"
  }
},
{
  "model": "admin.logentry",
  "pk": 69,
  "fields": {
    "action_time": "2026-05-29T06:54:51.480Z",
    "user": 1,
    "content_type": 4,
    "object_id": "14",
    "object_repr": "elaf",
    "action_flag": 2,
    "change_message": "[{\"changed\": {\"fields\": [\"password\"]}}]"
  }
},
{
  "model": "admin.logentry",
  "pk": 70,
  "fields": {
    "action_time": "2026-05-29T06:54:57.582Z",
    "user": 1,
    "content_type": 4,
    "object_id": "14",
    "object_repr": "elaf",
    "action_flag": 2,
    "change_message": "[]"
  }
},
{
  "model": "admin.logentry",
  "pk": 71,
  "fields": {
    "action_time": "2026-05-29T06:55:20.175Z",
    "user": 1,
    "content_type": 4,
    "object_id": "9",
    "object_repr": "laila",
    "action_flag": 2,
    "change_message": "[{\"changed\": {\"fields\": [\"password\"]}}]"
  }
},
{
  "model": "admin.logentry",
  "pk": 72,
  "fields": {
    "action_time": "2026-05-29T06:55:26.620Z",
    "user": 1,
    "content_type": 4,
    "object_id": "9",
    "object_repr": "laila",
    "action_flag": 2,
    "change_message": "[]"
  }
},
{
  "model": "admin.logentry",
  "pk": 73,
  "fields": {
    "action_time": "2026-05-29T06:55:44.815Z",
    "user": 1,
    "content_type": 4,
    "object_id": "11",
    "object_repr": "rahaf",
    "action_flag": 2,
    "change_message": "[{\"changed\": {\"fields\": [\"password\"]}}]"
  }
},
{
  "model": "admin.logentry",
  "pk": 74,
  "fields": {
    "action_time": "2026-05-29T06:55:49.375Z",
    "user": 1,
    "content_type": 4,
    "object_id": "11",
    "object_repr": "rahaf",
    "action_flag": 2,
    "change_message": "[]"
  }
},
{
  "model": "admin.logentry",
  "pk": 75,
  "fields": {
    "action_time": "2026-05-29T06:56:07.248Z",
    "user": 1,
    "content_type": 4,
    "object_id": "8",
    "object_repr": "sabrin",
    "action_flag": 2,
    "change_message": "[{\"changed\": {\"fields\": [\"password\"]}}]"
  }
},
{
  "model": "admin.logentry",
  "pk": 76,
  "fields": {
    "action_time": "2026-05-29T06:56:11.576Z",
    "user": 1,
    "content_type": 4,
    "object_id": "8",
    "object_repr": "sabrin",
    "action_flag": 2,
    "change_message": "[]"
  }
},
{
  "model": "admin.logentry",
  "pk": 77,
  "fields": {
    "action_time": "2026-05-29T06:56:30.217Z",
    "user": 1,
    "content_type": 4,
    "object_id": "10",
    "object_repr": "youmna",
    "action_flag": 2,
    "change_message": "[{\"changed\": {\"fields\": [\"password\"]}}]"
  }
},
{
  "model": "admin.logentry",
  "pk": 78,
  "fields": {
    "action_time": "2026-05-29T06:56:34.088Z",
    "user": 1,
    "content_type": 4,
    "object_id": "10",
    "object_repr": "youmna",
    "action_flag": 2,
    "change_message": "[]"
  }
},
{
  "model": "admin.logentry",
  "pk": 79,
  "fields": {
    "action_time": "2026-05-30T15:12:48.559Z",
    "user": 1,
    "content_type": 14,
    "object_id": "1",
    "object_repr": "001 - dental unit",
    "action_flag": 1,
    "change_message": "[{\"added\": {}}]"
  }
},
{
  "model": "admin.logentry",
  "pk": 80,
  "fields": {
    "action_time": "2026-05-30T15:13:27.170Z",
    "user": 1,
    "content_type": 14,
    "object_id": "1",
    "object_repr": "001 - dental unit",
    "action_flag": 2,
    "change_message": "[]"
  }
},
{
  "model": "admin.logentry",
  "pk": 81,
  "fields": {
    "action_time": "2026-05-30T16:18:31.752Z",
    "user": 1,
    "content_type": 15,
    "object_id": "1",
    "object_repr": "MR #1 - 001",
    "action_flag": 2,
    "change_message": "[]"
  }
},
{
  "model": "admin.logentry",
  "pk": 82,
  "fields": {
    "action_time": "2026-05-30T16:25:35.307Z",
    "user": 1,
    "content_type": 4,
    "object_id": "15",
    "object_repr": "ali",
    "action_flag": 1,
    "change_message": "[{\"added\": {}}]"
  }
},
{
  "model": "admin.logentry",
  "pk": 83,
  "fields": {
    "action_time": "2026-05-30T16:25:56.815Z",
    "user": 1,
    "content_type": 15,
    "object_id": "1",
    "object_repr": "MR #1 - 001",
    "action_flag": 2,
    "change_message": "[{\"changed\": {\"fields\": [\"Assigned to\", \"Work done\"]}}]"
  }
},
{
  "model": "admin.logentry",
  "pk": 84,
  "fields": {
    "action_time": "2026-05-30T16:37:18.843Z",
    "user": 1,
    "content_type": 12,
    "object_id": "11",
    "object_repr": "CSSD",
    "action_flag": 2,
    "change_message": "[{\"changed\": {\"fields\": [\"Engineer\"]}}]"
  }
},
{
  "model": "admin.logentry",
  "pk": 85,
  "fields": {
    "action_time": "2026-05-30T16:37:25.790Z",
    "user": 1,
    "content_type": 12,
    "object_id": "10",
    "object_repr": "Emergency Clinic 2",
    "action_flag": 2,
    "change_message": "[{\"changed\": {\"fields\": [\"Engineer\"]}}]"
  }
},
{
  "model": "admin.logentry",
  "pk": 86,
  "fields": {
    "action_time": "2026-05-30T16:37:32.161Z",
    "user": 1,
    "content_type": 12,
    "object_id": "9",
    "object_repr": "Emergency Clinic 1",
    "action_flag": 2,
    "change_message": "[{\"changed\": {\"fields\": [\"Engineer\"]}}]"
  }
},
{
  "model": "admin.logentry",
  "pk": 87,
  "fields": {
    "action_time": "2026-05-30T16:38:30.489Z",
    "user": 1,
    "content_type": 4,
    "object_id": "16",
    "object_repr": "bukhari",
    "action_flag": 1,
    "change_message": "[{\"added\": {}}]"
  }
},
{
  "model": "admin.logentry",
  "pk": 88,
  "fields": {
    "action_time": "2026-05-30T16:38:42.216Z",
    "user": 1,
    "content_type": 12,
    "object_id": "7",
    "object_repr": "Specialty Clinic 5",
    "action_flag": 2,
    "change_message": "[{\"changed\": {\"fields\": [\"Engineer\"]}}]"
  }
},
{
  "model": "admin.logentry",
  "pk": 89,
  "fields": {
    "action_time": "2026-05-30T16:38:45.539Z",
    "user": 1,
    "content_type": 12,
    "object_id": "9",
    "object_repr": "Emergency Clinic 1",
    "action_flag": 2,
    "change_message": "[]"
  }
},
{
  "model": "admin.logentry",
  "pk": 90,
  "fields": {
    "action_time": "2026-05-30T16:38:52.388Z",
    "user": 1,
    "content_type": 12,
    "object_id": "8",
    "object_repr": "Specialty Clinic 6",
    "action_flag": 2,
    "change_message": "[{\"changed\": {\"fields\": [\"Engineer\"]}}]"
  }
},
{
  "model": "admin.logentry",
  "pk": 91,
  "fields": {
    "action_time": "2026-05-30T16:38:56.135Z",
    "user": 1,
    "content_type": 12,
    "object_id": "7",
    "object_repr": "Specialty Clinic 5",
    "action_flag": 2,
    "change_message": "[]"
  }
},
{
  "model": "admin.logentry",
  "pk": 92,
  "fields": {
    "action_time": "2026-05-30T16:39:04.194Z",
    "user": 1,
    "content_type": 12,
    "object_id": "6",
    "object_repr": "Specialty Clinic 4",
    "action_flag": 2,
    "change_message": "[{\"changed\": {\"fields\": [\"Engineer\"]}}]"
  }
},
{
  "model": "admin.logentry",
  "pk": 93,
  "fields": {
    "action_time": "2026-05-30T16:39:11.372Z",
    "user": 1,
    "content_type": 12,
    "object_id": "5",
    "object_repr": "Specialty Clinic 3",
    "action_flag": 2,
    "change_message": "[{\"changed\": {\"fields\": [\"Engineer\"]}}]"
  }
},
{
  "model": "admin.logentry",
  "pk": 94,
  "fields": {
    "action_time": "2026-05-30T16:39:20.144Z",
    "user": 1,
    "content_type": 12,
    "object_id": "4",
    "object_repr": "Specialty Clinic 2",
    "action_flag": 2,
    "change_message": "[{\"changed\": {\"fields\": [\"Engineer\"]}}]"
  }
},
{
  "model": "admin.logentry",
  "pk": 95,
  "fields": {
    "action_time": "2026-05-30T16:39:23.809Z",
    "user": 1,
    "content_type": 12,
    "object_id": "4",
    "object_repr": "Specialty Clinic 2",
    "action_flag": 2,
    "change_message": "[]"
  }
},
{
  "model": "admin.logentry",
  "pk": 96,
  "fields": {
    "action_time": "2026-05-30T16:39:29.767Z",
    "user": 1,
    "content_type": 12,
    "object_id": "3",
    "object_repr": "Specialty Clinic 1",
    "action_flag": 2,
    "change_message": "[{\"changed\": {\"fields\": [\"Engineer\"]}}]"
  }
},
{
  "model": "admin.logentry",
  "pk": 97,
  "fields": {
    "action_time": "2026-05-30T16:39:38.389Z",
    "user": 1,
    "content_type": 12,
    "object_id": "2",
    "object_repr": "Female Clinics",
    "action_flag": 2,
    "change_message": "[{\"changed\": {\"fields\": [\"Engineer\"]}}]"
  }
},
{
  "model": "admin.logentry",
  "pk": 98,
  "fields": {
    "action_time": "2026-05-30T16:39:45.137Z",
    "user": 1,
    "content_type": 12,
    "object_id": "1",
    "object_repr": "Male Clinics",
    "action_flag": 2,
    "change_message": "[{\"changed\": {\"fields\": [\"Engineer\"]}}]"
  }
},
{
  "model": "admin.logentry",
  "pk": 99,
  "fields": {
    "action_time": "2026-05-30T16:48:45.455Z",
    "user": 1,
    "content_type": 12,
    "object_id": "8",
    "object_repr": "Specialty Clinic 6",
    "action_flag": 2,
    "change_message": "[{\"changed\": {\"fields\": [\"Engineers\"]}}]"
  }
},
{
  "model": "admin.logentry",
  "pk": 100,
  "fields": {
    "action_time": "2026-05-30T16:49:04.623Z",
    "user": 1,
    "content_type": 12,
    "object_id": "11",
    "object_repr": "CSSD",
    "action_flag": 2,
    "change_message": "[{\"changed\": {\"fields\": [\"Engineers\"]}}]"
  }
},
{
  "model": "admin.logentry",
  "pk": 101,
  "fields": {
    "action_time": "2026-05-30T16:49:23.045Z",
    "user": 1,
    "content_type": 12,
    "object_id": "11",
    "object_repr": "CSSD",
    "action_flag": 2,
    "change_message": "[]"
  }
},
{
  "model": "admin.logentry",
  "pk": 102,
  "fields": {
    "action_time": "2026-05-30T16:50:09.059Z",
    "user": 1,
    "content_type": 2,
    "object_id": "7",
    "object_repr": "radiation",
    "action_flag": 1,
    "change_message": "[{\"added\": {}}]"
  }
},
{
  "model": "admin.logentry",
  "pk": 103,
  "fields": {
    "action_time": "2026-05-30T16:55:08.429Z",
    "user": 1,
    "content_type": 2,
    "object_id": "7",
    "object_repr": "radiation",
    "action_flag": 3,
    "change_message": ""
  }
},
{
  "model": "admin.logentry",
  "pk": 104,
  "fields": {
    "action_time": "2026-05-30T16:59:21.250Z",
    "user": 1,
    "content_type": 12,
    "object_id": "12",
    "object_repr": "LAB",
    "action_flag": 1,
    "change_message": "[{\"added\": {}}]"
  }
},
{
  "model": "admin.logentry",
  "pk": 105,
  "fields": {
    "action_time": "2026-05-30T16:59:44.580Z",
    "user": 1,
    "content_type": 12,
    "object_id": "13",
    "object_repr": "RADIOLOGY",
    "action_flag": 1,
    "change_message": "[{\"added\": {}}]"
  }
},
{
  "model": "admin.logentry",
  "pk": 106,
  "fields": {
    "action_time": "2026-05-30T16:59:56.984Z",
    "user": 1,
    "content_type": 12,
    "object_id": "10",
    "object_repr": "Emergency Clinic 2",
    "action_flag": 2,
    "change_message": "[{\"changed\": {\"fields\": [\"Engineers\"]}}]"
  }
},
{
  "model": "admin.logentry",
  "pk": 107,
  "fields": {
    "action_time": "2026-05-30T17:00:01.539Z",
    "user": 1,
    "content_type": 12,
    "object_id": "11",
    "object_repr": "CSSD",
    "action_flag": 2,
    "change_message": "[]"
  }
},
{
  "model": "admin.logentry",
  "pk": 108,
  "fields": {
    "action_time": "2026-05-30T17:00:09.936Z",
    "user": 1,
    "content_type": 12,
    "object_id": "9",
    "object_repr": "Emergency Clinic 1",
    "action_flag": 2,
    "change_message": "[{\"changed\": {\"fields\": [\"Engineers\"]}}]"
  }
},
{
  "model": "admin.logentry",
  "pk": 109,
  "fields": {
    "action_time": "2026-05-30T17:00:13.961Z",
    "user": 1,
    "content_type": 12,
    "object_id": "8",
    "object_repr": "Specialty Clinic 6",
    "action_flag": 2,
    "change_message": "[]"
  }
},
{
  "model": "admin.logentry",
  "pk": 110,
  "fields": {
    "action_time": "2026-05-30T17:00:19.754Z",
    "user": 1,
    "content_type": 12,
    "object_id": "7",
    "object_repr": "Specialty Clinic 5",
    "action_flag": 2,
    "change_message": "[{\"changed\": {\"fields\": [\"Engineers\"]}}]"
  }
},
{
  "model": "admin.logentry",
  "pk": 111,
  "fields": {
    "action_time": "2026-05-30T17:00:25.053Z",
    "user": 1,
    "content_type": 12,
    "object_id": "6",
    "object_repr": "Specialty Clinic 4",
    "action_flag": 2,
    "change_message": "[{\"changed\": {\"fields\": [\"Engineers\"]}}]"
  }
},
{
  "model": "admin.logentry",
  "pk": 112,
  "fields": {
    "action_time": "2026-05-30T17:00:31.194Z",
    "user": 1,
    "content_type": 12,
    "object_id": "5",
    "object_repr": "Specialty Clinic 3",
    "action_flag": 2,
    "change_message": "[{\"changed\": {\"fields\": [\"Engineers\"]}}]"
  }
},
{
  "model": "admin.logentry",
  "pk": 113,
  "fields": {
    "action_time": "2026-05-30T17:00:38.998Z",
    "user": 1,
    "content_type": 12,
    "object_id": "4",
    "object_repr": "Specialty Clinic 2",
    "action_flag": 2,
    "change_message": "[{\"changed\": {\"fields\": [\"Engineers\"]}}]"
  }
},
{
  "model": "admin.logentry",
  "pk": 114,
  "fields": {
    "action_time": "2026-05-30T17:00:46.426Z",
    "user": 1,
    "content_type": 12,
    "object_id": "3",
    "object_repr": "Specialty Clinic 1",
    "action_flag": 2,
    "change_message": "[{\"changed\": {\"fields\": [\"Engineers\"]}}]"
  }
},
{
  "model": "admin.logentry",
  "pk": 115,
  "fields": {
    "action_time": "2026-05-30T17:00:53.808Z",
    "user": 1,
    "content_type": 12,
    "object_id": "2",
    "object_repr": "Female Clinics",
    "action_flag": 2,
    "change_message": "[{\"changed\": {\"fields\": [\"Engineers\"]}}]"
  }
},
{
  "model": "admin.logentry",
  "pk": 116,
  "fields": {
    "action_time": "2026-05-30T17:00:59.004Z",
    "user": 1,
    "content_type": 12,
    "object_id": "1",
    "object_repr": "Male Clinics",
    "action_flag": 2,
    "change_message": "[{\"changed\": {\"fields\": [\"Engineers\"]}}]"
  }
},
{
  "model": "admin.logentry",
  "pk": 117,
  "fields": {
    "action_time": "2026-05-30T17:01:02.552Z",
    "user": 1,
    "content_type": 12,
    "object_id": "6",
    "object_repr": "Specialty Clinic 4",
    "action_flag": 2,
    "change_message": "[]"
  }
},
{
  "model": "admin.logentry",
  "pk": 118,
  "fields": {
    "action_time": "2026-05-30T17:01:05.169Z",
    "user": 1,
    "content_type": 12,
    "object_id": "5",
    "object_repr": "Specialty Clinic 3",
    "action_flag": 2,
    "change_message": "[]"
  }
},
{
  "model": "admin.logentry",
  "pk": 119,
  "fields": {
    "action_time": "2026-05-31T00:13:16.004Z",
    "user": 1,
    "content_type": 4,
    "object_id": "17",
    "object_repr": "Ibrahem",
    "action_flag": 1,
    "change_message": "[{\"added\": {}}]"
  }
},
{
  "model": "admin.logentry",
  "pk": 120,
  "fields": {
    "action_time": "2026-05-31T00:13:26.988Z",
    "user": 1,
    "content_type": 4,
    "object_id": "17",
    "object_repr": "Ibrahem",
    "action_flag": 2,
    "change_message": "[{\"changed\": {\"fields\": [\"Groups\", \"User permissions\"]}}]"
  }
},
{
  "model": "admin.logentry",
  "pk": 121,
  "fields": {
    "action_time": "2026-05-31T04:39:15.913Z",
    "user": 1,
    "content_type": 16,
    "object_id": "2",
    "object_repr": "001 - 2026-05-31 04:17:47.216176+00:00",
    "action_flag": 3,
    "change_message": ""
  }
},
{
  "model": "admin.logentry",
  "pk": 122,
  "fields": {
    "action_time": "2026-05-31T04:39:20.863Z",
    "user": 1,
    "content_type": 16,
    "object_id": "1",
    "object_repr": "001 - 2026-05-31 04:17:45.209576+00:00",
    "action_flag": 3,
    "change_message": ""
  }
},
{
  "model": "admin.logentry",
  "pk": 123,
  "fields": {
    "action_time": "2026-05-31T04:49:25.019Z",
    "user": 1,
    "content_type": 16,
    "object_id": "3",
    "object_repr": "001 - 2026-05-31 04:46:45.733090+00:00",
    "action_flag": 3,
    "change_message": ""
  }
},
{
  "model": "admin.logentry",
  "pk": 124,
  "fields": {
    "action_time": "2026-05-31T05:17:12.378Z",
    "user": 1,
    "content_type": 16,
    "object_id": "4",
    "object_repr": "001 - 2026-05-31 05:05:48.709670+00:00",
    "action_flag": 3,
    "change_message": ""
  }
},
{
  "model": "admin.logentry",
  "pk": 125,
  "fields": {
    "action_time": "2026-05-31T05:32:33.115Z",
    "user": 1,
    "content_type": 14,
    "object_id": "1",
    "object_repr": "001 - dental unit",
    "action_flag": 2,
    "change_message": "[{\"changed\": {\"fields\": [\"Status\"]}}]"
  }
},
{
  "model": "admin.logentry",
  "pk": 126,
  "fields": {
    "action_time": "2026-05-31T05:34:07.437Z",
    "user": 1,
    "content_type": 14,
    "object_id": "1",
    "object_repr": "001 - dental unit",
    "action_flag": 2,
    "change_message": "[{\"changed\": {\"fields\": [\"Last pm date\", \"Next pm date\"]}}]"
  }
},
{
  "model": "admin.logentry",
  "pk": 127,
  "fields": {
    "action_time": "2026-05-31T05:38:43.246Z",
    "user": 1,
    "content_type": 16,
    "object_id": "5",
    "object_repr": "001 - 2026-05-31 05:38:22.619079+00:00",
    "action_flag": 3,
    "change_message": ""
  }
},
{
  "model": "admin.logentry",
  "pk": 128,
  "fields": {
    "action_time": "2026-05-31T05:39:01.621Z",
    "user": 1,
    "content_type": 14,
    "object_id": "1",
    "object_repr": "001 - dental unit",
    "action_flag": 2,
    "change_message": "[{\"changed\": {\"fields\": [\"Last pm date\", \"Next pm date\"]}}]"
  }
},
{
  "model": "admin.logentry",
  "pk": 129,
  "fields": {
    "action_time": "2026-05-31T05:41:13.837Z",
    "user": 1,
    "content_type": 14,
    "object_id": "1",
    "object_repr": "001 - dental unit",
    "action_flag": 2,
    "change_message": "[{\"changed\": {\"fields\": [\"Last pm date\", \"Next pm date\"]}}]"
  }
},
{
  "model": "admin.logentry",
  "pk": 130,
  "fields": {
    "action_time": "2026-05-31T05:41:24.592Z",
    "user": 1,
    "content_type": 16,
    "object_id": "6",
    "object_repr": "001 - 2026-05-31 05:39:17.739604+00:00",
    "action_flag": 3,
    "change_message": ""
  }
},
{
  "model": "admin.logentry",
  "pk": 131,
  "fields": {
    "action_time": "2026-05-31T07:37:13.486Z",
    "user": 1,
    "content_type": 18,
    "object_id": "1",
    "object_repr": "Dental Unit PM",
    "action_flag": 1,
    "change_message": "[{\"added\": {}}]"
  }
},
{
  "model": "admin.logentry",
  "pk": 132,
  "fields": {
    "action_time": "2026-05-31T07:41:35.797Z",
    "user": 1,
    "content_type": 14,
    "object_id": "1",
    "object_repr": "001 - dental unit",
    "action_flag": 2,
    "change_message": "[{\"changed\": {\"fields\": [\"Pm template\"]}}]"
  }
},
{
  "model": "admin.logentry",
  "pk": 133,
  "fields": {
    "action_time": "2026-05-31T08:36:33.456Z",
    "user": 1,
    "content_type": 18,
    "object_id": "1",
    "object_repr": "Dental Unit PPM",
    "action_flag": 2,
    "change_message": "[{\"changed\": {\"fields\": [\"Name\"]}}]"
  }
},
{
  "model": "admin.logentry",
  "pk": 134,
  "fields": {
    "action_time": "2026-05-31T08:39:01.316Z",
    "user": 1,
    "content_type": 19,
    "object_id": "1",
    "object_repr": "Chair Base - Chair Movement Motor",
    "action_flag": 1,
    "change_message": "[{\"added\": {}}]"
  }
},
{
  "model": "admin.logentry",
  "pk": 135,
  "fields": {
    "action_time": "2026-05-31T08:39:30.388Z",
    "user": 1,
    "content_type": 19,
    "object_id": "2",
    "object_repr": "Chair Base - Backrest & Headrest",
    "action_flag": 1,
    "change_message": "[{\"added\": {}}]"
  }
},
{
  "model": "admin.logentry",
  "pk": 136,
  "fields": {
    "action_time": "2026-05-31T08:40:12.645Z",
    "user": 1,
    "content_type": 19,
    "object_id": "3",
    "object_repr": "Foot Control - Foot Pedal",
    "action_flag": 1,
    "change_message": "[{\"added\": {}}]"
  }
},
{
  "model": "admin.logentry",
  "pk": 137,
  "fields": {
    "action_time": "2026-05-31T08:40:33.269Z",
    "user": 1,
    "content_type": 19,
    "object_id": "4",
    "object_repr": "Air System - Air Regulator & Filter",
    "action_flag": 1,
    "change_message": "[{\"added\": {}}]"
  }
},
{
  "model": "admin.logentry",
  "pk": 138,
  "fields": {
    "action_time": "2026-05-31T08:41:20.330Z",
    "user": 1,
    "content_type": 19,
    "object_id": "5",
    "object_repr": "Water System - Water Bottle & Lines",
    "action_flag": 1,
    "change_message": "[{\"added\": {}}]"
  }
},
{
  "model": "admin.logentry",
  "pk": 139,
  "fields": {
    "action_time": "2026-05-31T08:41:55.296Z",
    "user": 1,
    "content_type": 19,
    "object_id": "6",
    "object_repr": "Dentist Element - 3-Way Syringe",
    "action_flag": 1,
    "change_message": "[{\"added\": {}}]"
  }
},
{
  "model": "admin.logentry",
  "pk": 140,
  "fields": {
    "action_time": "2026-05-31T08:42:49.339Z",
    "user": 1,
    "content_type": 19,
    "object_id": "7",
    "object_repr": "Dentist Element - Micromotor",
    "action_flag": 1,
    "change_message": "[{\"added\": {}}]"
  }
},
{
  "model": "admin.logentry",
  "pk": 141,
  "fields": {
    "action_time": "2026-05-31T08:43:19.545Z",
    "user": 1,
    "content_type": 19,
    "object_id": "8",
    "object_repr": "Dentist Element - Handpiece Tubing",
    "action_flag": 1,
    "change_message": "[{\"added\": {}}]"
  }
},
{
  "model": "admin.logentry",
  "pk": 142,
  "fields": {
    "action_time": "2026-05-31T08:43:46.472Z",
    "user": 1,
    "content_type": 19,
    "object_id": "9",
    "object_repr": "Operating Light - LED/Halogen Light",
    "action_flag": 1,
    "change_message": "[{\"added\": {}}]"
  }
},
{
  "model": "admin.logentry",
  "pk": 143,
  "fields": {
    "action_time": "2026-05-31T08:44:19.545Z",
    "user": 1,
    "content_type": 19,
    "object_id": "10",
    "object_repr": "Suction System - HVE & Saliva Ejector",
    "action_flag": 1,
    "change_message": "[{\"added\": {}}]"
  }
},
{
  "model": "admin.logentry",
  "pk": 144,
  "fields": {
    "action_time": "2026-05-31T08:44:50.620Z",
    "user": 1,
    "content_type": 19,
    "object_id": "11",
    "object_repr": "Cuspidor - Bowl & Cup Filler",
    "action_flag": 1,
    "change_message": "[{\"added\": {}}]"
  }
},
{
  "model": "admin.logentry",
  "pk": 145,
  "fields": {
    "action_time": "2026-05-31T08:45:15.361Z",
    "user": 1,
    "content_type": 19,
    "object_id": "12",
    "object_repr": "Electrical System - Power Supply",
    "action_flag": 1,
    "change_message": "[{\"added\": {}}]"
  }
},
{
  "model": "admin.logentry",
  "pk": 146,
  "fields": {
    "action_time": "2026-05-31T08:45:45.931Z",
    "user": 1,
    "content_type": 19,
    "object_id": "13",
    "object_repr": "Electrical System - Power Supply",
    "action_flag": 1,
    "change_message": "[{\"added\": {}}]"
  }
},
{
  "model": "admin.logentry",
  "pk": 147,
  "fields": {
    "action_time": "2026-05-31T08:46:18.483Z",
    "user": 1,
    "content_type": 19,
    "object_id": "14",
    "object_repr": "Safety - Emergency Stop",
    "action_flag": 1,
    "change_message": "[{\"added\": {}}]"
  }
},
{
  "model": "admin.logentry",
  "pk": 148,
  "fields": {
    "action_time": "2026-05-31T08:50:34.320Z",
    "user": 1,
    "content_type": 19,
    "object_id": "12",
    "object_repr": "Electrical System - Power Supply",
    "action_flag": 3,
    "change_message": ""
  }
},
{
  "model": "admin.logentry",
  "pk": 149,
  "fields": {
    "action_time": "2026-05-31T09:15:27.491Z",
    "user": 1,
    "content_type": 14,
    "object_id": "1",
    "object_repr": "001 - dental unit",
    "action_flag": 2,
    "change_message": "[{\"changed\": {\"fields\": [\"Last pm date\", \"Next pm date\"]}}]"
  }
},
{
  "model": "admin.logentry",
  "pk": 150,
  "fields": {
    "action_time": "2026-05-31T09:15:42.114Z",
    "user": 1,
    "content_type": 16,
    "object_id": "7",
    "object_repr": "001 - 2026-05-31 05:42:00.065030+00:00",
    "action_flag": 3,
    "change_message": ""
  }
},
{
  "model": "admin.logentry",
  "pk": 151,
  "fields": {
    "action_time": "2026-05-31T09:49:50.200Z",
    "user": 1,
    "content_type": 16,
    "object_id": "8",
    "object_repr": "001 - 2026-05-31 09:17:29.101267+00:00",
    "action_flag": 3,
    "change_message": ""
  }
},
{
  "model": "admin.logentry",
  "pk": 152,
  "fields": {
    "action_time": "2026-05-31T09:50:06.193Z",
    "user": 1,
    "content_type": 14,
    "object_id": "1",
    "object_repr": "001 - dental unit",
    "action_flag": 2,
    "change_message": "[{\"changed\": {\"fields\": [\"Last pm date\", \"Next pm date\"]}}]"
  }
},
{
  "model": "admin.logentry",
  "pk": 153,
  "fields": {
    "action_time": "2026-05-31T10:27:35.666Z",
    "user": 1,
    "content_type": 14,
    "object_id": "1",
    "object_repr": "001 - dental unit",
    "action_flag": 2,
    "change_message": "[{\"changed\": {\"fields\": [\"Last pm date\", \"Next pm date\"]}}]"
  }
},
{
  "model": "admin.logentry",
  "pk": 154,
  "fields": {
    "action_time": "2026-05-31T10:27:57.279Z",
    "user": 1,
    "content_type": 16,
    "object_id": "9",
    "object_repr": "001 - 2026-05-31 10:26:30.766299+00:00",
    "action_flag": 3,
    "change_message": ""
  }
},
{
  "model": "admin.logentry",
  "pk": 155,
  "fields": {
    "action_time": "2026-05-31T16:35:54.896Z",
    "user": 1,
    "content_type": 2,
    "object_id": "8",
    "object_repr": "ENGINEER",
    "action_flag": 1,
    "change_message": "[{\"added\": {}}]"
  }
},
{
  "model": "admin.logentry",
  "pk": 156,
  "fields": {
    "action_time": "2026-05-31T16:37:38.089Z",
    "user": 1,
    "content_type": 2,
    "object_id": "9",
    "object_repr": "RADIOLOGY",
    "action_flag": 1,
    "change_message": "[{\"added\": {}}]"
  }
},
{
  "model": "admin.logentry",
  "pk": 157,
  "fields": {
    "action_time": "2026-05-31T16:38:05.809Z",
    "user": 1,
    "content_type": 4,
    "object_id": "17",
    "object_repr": "Ibrahem",
    "action_flag": 2,
    "change_message": "[{\"changed\": {\"fields\": [\"Groups\", \"User permissions\"]}}]"
  }
},
{
  "model": "admin.logentry",
  "pk": 158,
  "fields": {
    "action_time": "2026-05-31T16:38:22.703Z",
    "user": 1,
    "content_type": 4,
    "object_id": "1",
    "object_repr": "admin",
    "action_flag": 2,
    "change_message": "[{\"changed\": {\"fields\": [\"Groups\", \"User permissions\"]}}]"
  }
},
{
  "model": "admin.logentry",
  "pk": 159,
  "fields": {
    "action_time": "2026-05-31T16:38:41.622Z",
    "user": 1,
    "content_type": 4,
    "object_id": "15",
    "object_repr": "ali",
    "action_flag": 2,
    "change_message": "[{\"changed\": {\"fields\": [\"Groups\"]}}]"
  }
},
{
  "model": "admin.logentry",
  "pk": 160,
  "fields": {
    "action_time": "2026-05-31T16:38:55.726Z",
    "user": 1,
    "content_type": 4,
    "object_id": "16",
    "object_repr": "bukhari",
    "action_flag": 2,
    "change_message": "[{\"changed\": {\"fields\": [\"Groups\"]}}]"
  }
},
{
  "model": "admin.logentry",
  "pk": 161,
  "fields": {
    "action_time": "2026-05-31T16:43:21.890Z",
    "user": 1,
    "content_type": 18,
    "object_id": "2",
    "object_repr": "Autoclave PPM",
    "action_flag": 1,
    "change_message": "[{\"added\": {}}]"
  }
},
{
  "model": "admin.logentry",
  "pk": 162,
  "fields": {
    "action_time": "2026-05-31T16:44:04.382Z",
    "user": 1,
    "content_type": 18,
    "object_id": "3",
    "object_repr": "Radiology PPM",
    "action_flag": 1,
    "change_message": "[{\"added\": {}}]"
  }
},
{
  "model": "admin.logentry",
  "pk": 163,
  "fields": {
    "action_time": "2026-05-31T16:44:11.007Z",
    "user": 1,
    "content_type": 18,
    "object_id": "2",
    "object_repr": "Autoclave PPM",
    "action_flag": 2,
    "change_message": "[]"
  }
},
{
  "model": "admin.logentry",
  "pk": 164,
  "fields": {
    "action_time": "2026-06-01T03:08:44.955Z",
    "user": 1,
    "content_type": 4,
    "object_id": "16",
    "object_repr": "bukhari",
    "action_flag": 2,
    "change_message": "[{\"changed\": {\"fields\": [\"password\"]}}]"
  }
},
{
  "model": "admin.logentry",
  "pk": 165,
  "fields": {
    "action_time": "2026-06-01T04:12:26.524Z",
    "user": 1,
    "content_type": 4,
    "object_id": "17",
    "object_repr": "Ibrahem",
    "action_flag": 2,
    "change_message": "[{\"changed\": {\"fields\": [\"password\"]}}]"
  }
},
{
  "model": "admin.logentry",
  "pk": 166,
  "fields": {
    "action_time": "2026-06-01T13:04:05.287Z",
    "user": 1,
    "content_type": 16,
    "object_id": "10",
    "object_repr": "001 - 2026-05-31 10:28:39.083819+00:00",
    "action_flag": 3,
    "change_message": ""
  }
},
{
  "model": "admin.logentry",
  "pk": 167,
  "fields": {
    "action_time": "2026-06-01T13:04:48.485Z",
    "user": 1,
    "content_type": 14,
    "object_id": "1",
    "object_repr": "001 - dental unit",
    "action_flag": 2,
    "change_message": "[{\"changed\": {\"fields\": [\"Last pm date\", \"Next pm date\"]}}]"
  }
},
{
  "model": "admin.logentry",
  "pk": 168,
  "fields": {
    "action_time": "2026-06-01T21:33:25.959Z",
    "user": 1,
    "content_type": 16,
    "object_id": "11",
    "object_repr": "001 - 2026-06-01 13:20:22.144538+00:00",
    "action_flag": 3,
    "change_message": ""
  }
},
{
  "model": "admin.logentry",
  "pk": 169,
  "fields": {
    "action_time": "2026-06-01T21:34:06.200Z",
    "user": 1,
    "content_type": 14,
    "object_id": "1",
    "object_repr": "001 - dental unit",
    "action_flag": 2,
    "change_message": "[{\"changed\": {\"fields\": [\"Last pm date\", \"Next pm date\"]}}]"
  }
},
{
  "model": "admin.logentry",
  "pk": 170,
  "fields": {
    "action_time": "2026-06-01T21:35:58.818Z",
    "user": 1,
    "content_type": 14,
    "object_id": "1",
    "object_repr": "001 - dental unit",
    "action_flag": 2,
    "change_message": "[{\"changed\": {\"fields\": [\"Next pm date\"]}}]"
  }
},
{
  "model": "admin.logentry",
  "pk": 171,
  "fields": {
    "action_time": "2026-06-01T21:36:49.955Z",
    "user": 1,
    "content_type": 14,
    "object_id": "1",
    "object_repr": "001 - dental unit",
    "action_flag": 2,
    "change_message": "[{\"changed\": {\"fields\": [\"Next pm date\"]}}]"
  }
},
{
  "model": "admin.logentry",
  "pk": 172,
  "fields": {
    "action_time": "2026-06-01T21:37:44.775Z",
    "user": 1,
    "content_type": 14,
    "object_id": "1",
    "object_repr": "001 - dental unit",
    "action_flag": 2,
    "change_message": "[{\"changed\": {\"fields\": [\"Next pm date\"]}}]"
  }
},
{
  "model": "admin.logentry",
  "pk": 173,
  "fields": {
    "action_time": "2026-06-01T21:39:29.328Z",
    "user": 1,
    "content_type": 14,
    "object_id": "1",
    "object_repr": "001 - dental unit",
    "action_flag": 2,
    "change_message": "[{\"changed\": {\"fields\": [\"Next pm date\"]}}]"
  }
},
{
  "model": "admin.logentry",
  "pk": 174,
  "fields": {
    "action_time": "2026-06-01T21:40:53.820Z",
    "user": 1,
    "content_type": 14,
    "object_id": "1",
    "object_repr": "001 - dental unit",
    "action_flag": 2,
    "change_message": "[{\"changed\": {\"fields\": [\"Last pm date\", \"Next pm date\"]}}]"
  }
},
{
  "model": "admin.logentry",
  "pk": 175,
  "fields": {
    "action_time": "2026-06-01T21:41:36.697Z",
    "user": 1,
    "content_type": 14,
    "object_id": "1",
    "object_repr": "001 - dental unit",
    "action_flag": 2,
    "change_message": "[{\"changed\": {\"fields\": [\"Last pm date\", \"Next pm date\"]}}]"
  }
},
{
  "model": "admin.logentry",
  "pk": 176,
  "fields": {
    "action_time": "2026-06-03T23:58:45.864Z",
    "user": 1,
    "content_type": 4,
    "object_id": "1",
    "object_repr": "admin",
    "action_flag": 2,
    "change_message": "[{\"changed\": {\"fields\": [\"Groups\"]}}]"
  }
},
{
  "model": "admin.logentry",
  "pk": 177,
  "fields": {
    "action_time": "2026-06-04T00:06:12.626Z",
    "user": 1,
    "content_type": 14,
    "object_id": "2",
    "object_repr": "002 - dental unit",
    "action_flag": 1,
    "change_message": "[{\"added\": {}}]"
  }
},
{
  "model": "admin.logentry",
  "pk": 178,
  "fields": {
    "action_time": "2026-06-04T00:16:08.051Z",
    "user": 1,
    "content_type": 14,
    "object_id": "3",
    "object_repr": "003 - dental unit",
    "action_flag": 1,
    "change_message": "[{\"added\": {}}]"
  }
},
{
  "model": "admin.logentry",
  "pk": 179,
  "fields": {
    "action_time": "2026-06-05T14:07:10.407Z",
    "user": 1,
    "content_type": 14,
    "object_id": "3",
    "object_repr": "003 - dental unit C1",
    "action_flag": 2,
    "change_message": "[{\"changed\": {\"fields\": [\"Device name\"]}}]"
  }
},
{
  "model": "admin.logentry",
  "pk": 180,
  "fields": {
    "action_time": "2026-06-05T16:05:17.089Z",
    "user": 1,
    "content_type": 4,
    "object_id": "15",
    "object_repr": "ali",
    "action_flag": 2,
    "change_message": "[{\"changed\": {\"fields\": [\"password\"]}}]"
  }
},
{
  "model": "admin.logentry",
  "pk": 181,
  "fields": {
    "action_time": "2026-06-05T16:51:49.646Z",
    "user": 1,
    "content_type": 4,
    "object_id": "17",
    "object_repr": "Ibrahem",
    "action_flag": 2,
    "change_message": "[{\"changed\": {\"fields\": [\"Staff status\", \"Superuser status\"]}}]"
  }
},
{
  "model": "admin.logentry",
  "pk": 182,
  "fields": {
    "action_time": "2026-06-05T16:52:19.657Z",
    "user": 17,
    "content_type": 4,
    "object_id": "17",
    "object_repr": "Ibrahem",
    "action_flag": 2,
    "change_message": "[{\"changed\": {\"fields\": [\"Groups\"]}}]"
  }
},
{
  "model": "admin.logentry",
  "pk": 183,
  "fields": {
    "action_time": "2026-06-05T16:56:12.653Z",
    "user": 1,
    "content_type": 4,
    "object_id": "17",
    "object_repr": "Ibrahem",
    "action_flag": 2,
    "change_message": "[{\"changed\": {\"fields\": [\"Groups\", \"User permissions\"]}}]"
  }
},
{
  "model": "admin.logentry",
  "pk": 184,
  "fields": {
    "action_time": "2026-06-05T16:58:08.506Z",
    "user": 17,
    "content_type": 4,
    "object_id": "17",
    "object_repr": "Ibrahem",
    "action_flag": 2,
    "change_message": "[]"
  }
},
{
  "model": "admin.logentry",
  "pk": 185,
  "fields": {
    "action_time": "2026-06-07T12:42:02.463Z",
    "user": 1,
    "content_type": 16,
    "object_id": "13",
    "object_repr": "003 - 2026-06-05 16:32:16.234890+00:00",
    "action_flag": 3,
    "change_message": ""
  }
},
{
  "model": "admin.logentry",
  "pk": 186,
  "fields": {
    "action_time": "2026-06-07T12:42:08.768Z",
    "user": 1,
    "content_type": 16,
    "object_id": "12",
    "object_repr": "002 - 2026-06-05 16:32:01.284491+00:00",
    "action_flag": 3,
    "change_message": ""
  }
},
{
  "model": "admin.logentry",
  "pk": 187,
  "fields": {
    "action_time": "2026-06-07T12:42:41.399Z",
    "user": 1,
    "content_type": 14,
    "object_id": "3",
    "object_repr": "003 - dental unit C1",
    "action_flag": 2,
    "change_message": "[{\"changed\": {\"fields\": [\"Next pm date\"]}}]"
  }
},
{
  "model": "admin.logentry",
  "pk": 188,
  "fields": {
    "action_time": "2026-06-07T13:35:43.514Z",
    "user": 1,
    "content_type": 14,
    "object_id": "4",
    "object_repr": "004 - dental unit C4M",
    "action_flag": 1,
    "change_message": "[{\"added\": {}}]"
  }
},
{
  "model": "admin.logentry",
  "pk": 189,
  "fields": {
    "action_time": "2026-06-07T20:13:52.795Z",
    "user": 1,
    "content_type": 14,
    "object_id": "5",
    "object_repr": "005 - dental unit",
    "action_flag": 1,
    "change_message": "[{\"added\": {}}]"
  }
},
{
  "model": "admin.logentry",
  "pk": 190,
  "fields": {
    "action_time": "2026-06-12T17:38:38.377Z",
    "user": 1,
    "content_type": 14,
    "object_id": "6",
    "object_repr": "006 - dental unit C5M",
    "action_flag": 1,
    "change_message": "[{\"added\": {}}]"
  }
},
{
  "model": "admin.logentry",
  "pk": 191,
  "fields": {
    "action_time": "2026-06-12T17:39:50.855Z",
    "user": 1,
    "content_type": 14,
    "object_id": "6",
    "object_repr": "006 - dental unit C5M",
    "action_flag": 2,
    "change_message": "[{\"changed\": {\"fields\": [\"Last pm date\", \"Next pm date\"]}}]"
  }
},
{
  "model": "admin.logentry",
  "pk": 192,
  "fields": {
    "action_time": "2026-06-12T17:40:30.649Z",
    "user": 1,
    "content_type": 14,
    "object_id": "6",
    "object_repr": "006 - dental unit C5M",
    "action_flag": 2,
    "change_message": "[{\"changed\": {\"fields\": [\"Next pm date\"]}}]"
  }
},
{
  "model": "admin.logentry",
  "pk": 193,
  "fields": {
    "action_time": "2026-06-12T17:40:50.180Z",
    "user": 1,
    "content_type": 14,
    "object_id": "6",
    "object_repr": "006 - dental unit C5M",
    "action_flag": 2,
    "change_message": "[{\"changed\": {\"fields\": [\"Next pm date\"]}}]"
  }
},
{
  "model": "admin.logentry",
  "pk": 194,
  "fields": {
    "action_time": "2026-06-12T17:41:18.567Z",
    "user": 1,
    "content_type": 14,
    "object_id": "6",
    "object_repr": "006 - dental unit C5M",
    "action_flag": 2,
    "change_message": "[{\"changed\": {\"fields\": [\"Next pm date\"]}}]"
  }
},
{
  "model": "admin.logentry",
  "pk": 195,
  "fields": {
    "action_time": "2026-06-16T22:42:04.405Z",
    "user": 1,
    "content_type": 14,
    "object_id": "7",
    "object_repr": "007 - dental unit C7M",
    "action_flag": 1,
    "change_message": "[{\"added\": {}}]"
  }
},
{
  "model": "admin.logentry",
  "pk": 196,
  "fields": {
    "action_time": "2026-06-18T21:39:04.796Z",
    "user": 1,
    "content_type": 2,
    "object_id": "10",
    "object_repr": "HOSPITAL_MANAGER",
    "action_flag": 1,
    "change_message": "[{\"added\": {}}]"
  }
},
{
  "model": "admin.logentry",
  "pk": 197,
  "fields": {
    "action_time": "2026-06-18T21:39:25.396Z",
    "user": 1,
    "content_type": 2,
    "object_id": "11",
    "object_repr": "MAINTENANCE_MANAGER",
    "action_flag": 1,
    "change_message": "[{\"added\": {}}]"
  }
},
{
  "model": "admin.logentry",
  "pk": 198,
  "fields": {
    "action_time": "2026-06-18T21:39:50.591Z",
    "user": 1,
    "content_type": 4,
    "object_id": "17",
    "object_repr": "Ibrahem",
    "action_flag": 2,
    "change_message": "[{\"changed\": {\"fields\": [\"password\"]}}]"
  }
},
{
  "model": "admin.logentry",
  "pk": 199,
  "fields": {
    "action_time": "2026-06-18T21:39:59.519Z",
    "user": 1,
    "content_type": 4,
    "object_id": "17",
    "object_repr": "Ibrahem",
    "action_flag": 2,
    "change_message": "[{\"changed\": {\"fields\": [\"Groups\"]}}]"
  }
},
{
  "model": "admin.logentry",
  "pk": 200,
  "fields": {
    "action_time": "2026-06-18T21:40:19.765Z",
    "user": 1,
    "content_type": 4,
    "object_id": "18",
    "object_repr": "haitham",
    "action_flag": 1,
    "change_message": "[{\"added\": {}}]"
  }
},
{
  "model": "admin.logentry",
  "pk": 201,
  "fields": {
    "action_time": "2026-06-18T21:40:27.229Z",
    "user": 1,
    "content_type": 4,
    "object_id": "18",
    "object_repr": "haitham",
    "action_flag": 2,
    "change_message": "[{\"changed\": {\"fields\": [\"Groups\"]}}]"
  }
},
{
  "model": "admin.logentry",
  "pk": 202,
  "fields": {
    "action_time": "2026-06-18T21:44:59.987Z",
    "user": 17,
    "content_type": 14,
    "object_id": "8",
    "object_repr": "001 - Dental unite",
    "action_flag": 1,
    "change_message": "[{\"added\": {}}]"
  }
},
{
  "model": "admin.logentry",
  "pk": 203,
  "fields": {
    "action_time": "2026-06-18T21:46:06.958Z",
    "user": 17,
    "content_type": 14,
    "object_id": "9",
    "object_repr": "002 - dental unite",
    "action_flag": 1,
    "change_message": "[{\"added\": {}}]"
  }
},
{
  "model": "admin.logentry",
  "pk": 204,
  "fields": {
    "action_time": "2026-06-19T02:54:58.608Z",
    "user": 1,
    "content_type": 24,
    "object_id": "1",
    "object_repr": "student clinic no2 - laila",
    "action_flag": 1,
    "change_message": "[{\"added\": {}}]"
  }
},
{
  "model": "admin.logentry",
  "pk": 205,
  "fields": {
    "action_time": "2026-06-19T02:55:25.843Z",
    "user": 1,
    "content_type": 24,
    "object_id": "1",
    "object_repr": "student clinic no2 - laila",
    "action_flag": 2,
    "change_message": "[{\"changed\": {\"fields\": [\"Weekday\"]}}]"
  }
},
{
  "model": "auth.group",
  "pk": 1,
  "fields": {
    "name": "ADMIN",
    "permissions": [
      1,
      2,
      3,
      4,
      9,
      10,
      11,
      12,
      5,
      6,
      7,
      8,
      13,
      14,
      15,
      16,
      17,
      18,
      19,
      20,
      21,
      22,
      23,
      24
    ]
  }
},
{
  "model": "auth.group",
  "pk": 2,
  "fields": {
    "name": "CSSD",
    "permissions": []
  }
},
{
  "model": "auth.group",
  "pk": 3,
  "fields": {
    "name": "MALE",
    "permissions": []
  }
},
{
  "model": "auth.group",
  "pk": 4,
  "fields": {
    "name": "FEMALE",
    "permissions": []
  }
},
{
  "model": "auth.group",
  "pk": 5,
  "fields": {
    "name": "SPECIALTY",
    "permissions": []
  }
},
{
  "model": "auth.group",
  "pk": 6,
  "fields": {
    "name": "EMERGENCY",
    "permissions": []
  }
},
{
  "model": "auth.group",
  "pk": 8,
  "fields": {
    "name": "ENGINEER",
    "permissions": []
  }
},
{
  "model": "auth.group",
  "pk": 9,
  "fields": {
    "name": "RADIOLOGY",
    "permissions": []
  }
},
{
  "model": "auth.group",
  "pk": 10,
  "fields": {
    "name": "HOSPITAL_MANAGER",
    "permissions": []
  }
},
{
  "model": "auth.group",
  "pk": 11,
  "fields": {
    "name": "MAINTENANCE_MANAGER",
    "permissions": []
  }
},
{
  "model": "auth.user",
  "pk": 1,
  "fields": {
    "password": "pbkdf2_sha256$1200000$3pEXtMYzPYpZm5MLUCipIK$T0gIOzofx70gpYLncv3jSMMf47CW9p7ObqdVFRcIKeg=",
    "last_login": "2026-06-19T02:54:25.647Z",
    "is_superuser": true,
    "username": "admin",
    "first_name": "",
    "last_name": "",
    "email": "bme.ibrahem_kamel@yahoo.com",
    "is_staff": true,
    "is_active": true,
    "date_joined": "2026-05-28T21:35:01Z",
    "groups": [
      1,
      2,
      3,
      4,
      5,
      6,
      9
    ],
    "user_permissions": [
      1,
      2,
      3,
      4,
      9,
      10,
      11,
      12,
      5,
      6,
      7,
      8,
      13,
      14,
      15,
      16,
      17,
      18,
      19,
      20,
      53,
      54,
      55,
      56,
      25,
      26,
      27,
      28,
      29,
      30,
      31,
      32,
      37,
      38,
      39,
      40,
      45,
      46,
      47,
      48,
      41,
      42,
      43,
      44,
      49,
      50,
      51,
      52,
      57,
      58,
      59,
      60,
      65,
      66,
      67,
      68,
      33,
      34,
      35,
      36,
      61,
      62,
      63,
      64,
      73,
      74,
      75,
      76,
      69,
      70,
      71,
      72,
      21,
      22,
      23,
      24
    ]
  }
},
{
  "model": "auth.user",
  "pk": 2,
  "fields": {
    "password": "pbkdf2_sha256$1200000$bFmQ3japL7HhiPRz9b43mb$JGFNN+neuYrDeyzpQZnI1RFlcAjpRIYI50shflkpgOE=",
    "last_login": "2026-05-29T18:22:42.531Z",
    "is_superuser": false,
    "username": "male-ass",
    "first_name": "",
    "last_name": "",
    "email": "",
    "is_staff": false,
    "is_active": true,
    "date_joined": "2026-05-29T04:30:47Z",
    "groups": [
      3
    ],
    "user_permissions": []
  }
},
{
  "model": "auth.user",
  "pk": 3,
  "fields": {
    "password": "pbkdf2_sha256$1200000$U4qYNqJ73FIs0vy1BoNP8t$uGlvqVtOrj9FFRNu3ZGbWlCw8QumVut8iJZjXr+Vc/I=",
    "last_login": "2026-05-29T05:50:05.812Z",
    "is_superuser": false,
    "username": "female-ass",
    "first_name": "",
    "last_name": "",
    "email": "",
    "is_staff": false,
    "is_active": true,
    "date_joined": "2026-05-29T04:32:36Z",
    "groups": [
      4
    ],
    "user_permissions": []
  }
},
{
  "model": "auth.user",
  "pk": 4,
  "fields": {
    "password": "pbkdf2_sha256$1200000$r6pSQqKEcghO9QBioG4KDY$6OnXMqSamgATYwTQvAu0MSBcifSY1j7dLv+XTLom1DY=",
    "last_login": "2026-05-29T05:30:35.248Z",
    "is_superuser": false,
    "username": "spec-ass",
    "first_name": "",
    "last_name": "",
    "email": "",
    "is_staff": false,
    "is_active": true,
    "date_joined": "2026-05-29T04:33:18Z",
    "groups": [
      5
    ],
    "user_permissions": []
  }
},
{
  "model": "auth.user",
  "pk": 5,
  "fields": {
    "password": "pbkdf2_sha256$1200000$LLOOzF1pwt2uagI6KLGmy5$4hiEvZInME3kxS5LPFCmAS29AGU3iWBcSjlQZUjHUj8=",
    "last_login": "2026-05-29T18:53:13.176Z",
    "is_superuser": false,
    "username": "cssd",
    "first_name": "",
    "last_name": "",
    "email": "",
    "is_staff": false,
    "is_active": true,
    "date_joined": "2026-05-29T04:33:53Z",
    "groups": [
      2
    ],
    "user_permissions": []
  }
},
{
  "model": "auth.user",
  "pk": 6,
  "fields": {
    "password": "pbkdf2_sha256$1200000$m0YjJzura2ShG1IKBKk2C8$/cxBKpTeorzsOQGBDigYcCqR1MuhximBj714oEZrlTA=",
    "last_login": "2026-05-29T18:42:00.684Z",
    "is_superuser": false,
    "username": "emr-ass",
    "first_name": "",
    "last_name": "",
    "email": "",
    "is_staff": false,
    "is_active": true,
    "date_joined": "2026-05-29T04:34:25Z",
    "groups": [
      6
    ],
    "user_permissions": []
  }
},
{
  "model": "auth.user",
  "pk": 7,
  "fields": {
    "password": "pbkdf2_sha256$1200000$wLMBQ8NIbzLsJSlC9rzJ6u$EyKKaIWPj1C3DbQwfMbm1PgIJlwjzpFzjxyl7/8Z6ME=",
    "last_login": "2026-06-18T21:33:40.557Z",
    "is_superuser": false,
    "username": "asrar",
    "first_name": "",
    "last_name": "",
    "email": "",
    "is_staff": false,
    "is_active": true,
    "date_joined": "2026-05-29T06:48:29Z",
    "groups": [
      3
    ],
    "user_permissions": []
  }
},
{
  "model": "auth.user",
  "pk": 8,
  "fields": {
    "password": "pbkdf2_sha256$1200000$fAdt07OpD4OFck0YtQqKGm$HKRnH9H8NIsLw3P4f9llF4XmtykesBVR0/KOKxmYlBk=",
    "last_login": "2026-06-05T11:58:56.434Z",
    "is_superuser": false,
    "username": "sabrin",
    "first_name": "",
    "last_name": "",
    "email": "",
    "is_staff": false,
    "is_active": true,
    "date_joined": "2026-05-29T06:48:49Z",
    "groups": [
      3
    ],
    "user_permissions": []
  }
},
{
  "model": "auth.user",
  "pk": 9,
  "fields": {
    "password": "pbkdf2_sha256$1200000$xsuNzULFVpvjPM1P4D1EkV$aT5KCXlFBsH60cGarU98+wckHloqBBzfyf/bLlz63Dw=",
    "last_login": "2026-06-19T02:52:26.152Z",
    "is_superuser": false,
    "username": "laila",
    "first_name": "",
    "last_name": "",
    "email": "",
    "is_staff": false,
    "is_active": true,
    "date_joined": "2026-05-29T06:48:58Z",
    "groups": [
      4
    ],
    "user_permissions": []
  }
},
{
  "model": "auth.user",
  "pk": 10,
  "fields": {
    "password": "pbkdf2_sha256$1200000$e6eXeF8NJ2C4TROVWuKEl1$bsmLS+A1Z8A8y8RzYQnYkpTpHg5cEV0fhEKepvV/KT4=",
    "last_login": "2026-06-07T16:29:02.521Z",
    "is_superuser": false,
    "username": "youmna",
    "first_name": "",
    "last_name": "",
    "email": "",
    "is_staff": false,
    "is_active": true,
    "date_joined": "2026-05-29T06:49:18Z",
    "groups": [
      5
    ],
    "user_permissions": []
  }
},
{
  "model": "auth.user",
  "pk": 11,
  "fields": {
    "password": "pbkdf2_sha256$1200000$Ittnb2KzbIzq0w5v5FS0uf$fVsElq3ecZSbDZWLerZs8jcZZNPIKG8pDumQKR40up0=",
    "last_login": "2026-05-29T07:43:20.878Z",
    "is_superuser": false,
    "username": "rahaf",
    "first_name": "",
    "last_name": "",
    "email": "",
    "is_staff": false,
    "is_active": true,
    "date_joined": "2026-05-29T06:49:30Z",
    "groups": [
      2
    ],
    "user_permissions": []
  }
},
{
  "model": "auth.user",
  "pk": 12,
  "fields": {
    "password": "pbkdf2_sha256$1200000$1QkDF5f6Kx8ya9A2mnLuol$y9Ogl56os76lHOw8WO4y4ANw5KM0rEC1YMGSL2exqjc=",
    "last_login": "2026-06-07T11:17:10.854Z",
    "is_superuser": false,
    "username": "amna",
    "first_name": "",
    "last_name": "",
    "email": "",
    "is_staff": false,
    "is_active": true,
    "date_joined": "2026-05-29T06:49:40Z",
    "groups": [
      2
    ],
    "user_permissions": []
  }
},
{
  "model": "auth.user",
  "pk": 13,
  "fields": {
    "password": "pbkdf2_sha256$1200000$5W2giSulAJco5RTF4Zc6Od$5Cy83tdzit4GJexu4aD+X9MJSOklZlSrVIGa/CH7KNI=",
    "last_login": "2026-06-19T14:44:20.200Z",
    "is_superuser": false,
    "username": "debiah",
    "first_name": "",
    "last_name": "",
    "email": "",
    "is_staff": false,
    "is_active": true,
    "date_joined": "2026-05-29T06:51:18Z",
    "groups": [
      5
    ],
    "user_permissions": []
  }
},
{
  "model": "auth.user",
  "pk": 14,
  "fields": {
    "password": "pbkdf2_sha256$1200000$emvk3KIrKMRx6QGyVQVG7T$Id4hfIyRaUrureupPExte4kZfMVMvG+X1WDwpJh/ug4=",
    "last_login": "2026-05-29T07:18:45.417Z",
    "is_superuser": false,
    "username": "elaf",
    "first_name": "",
    "last_name": "",
    "email": "",
    "is_staff": false,
    "is_active": true,
    "date_joined": "2026-05-29T06:52:06Z",
    "groups": [
      4
    ],
    "user_permissions": []
  }
},
{
  "model": "auth.user",
  "pk": 15,
  "fields": {
    "password": "pbkdf2_sha256$1200000$WcejaiLsj1mymFL6ITJCUx$qHG+CBaLHdg2JHz33iXuEO/0N62AyZ2O90Xz+2QqRjo=",
    "last_login": "2026-06-18T21:34:24.905Z",
    "is_superuser": false,
    "username": "ali",
    "first_name": "",
    "last_name": "",
    "email": "",
    "is_staff": false,
    "is_active": true,
    "date_joined": "2026-05-30T16:25:34Z",
    "groups": [
      8
    ],
    "user_permissions": []
  }
},
{
  "model": "auth.user",
  "pk": 16,
  "fields": {
    "password": "pbkdf2_sha256$1200000$ZVWtbKEHKtwInjT5rorz6K$0Xx2u9Ymr8W9u9Tu/lJXSWtHGTiQKJvTp0kUKTN3jK0=",
    "last_login": "2026-06-07T20:11:59.870Z",
    "is_superuser": false,
    "username": "bukhari",
    "first_name": "",
    "last_name": "",
    "email": "",
    "is_staff": false,
    "is_active": true,
    "date_joined": "2026-05-30T16:38:29Z",
    "groups": [
      8
    ],
    "user_permissions": []
  }
},
{
  "model": "auth.user",
  "pk": 17,
  "fields": {
    "password": "pbkdf2_sha256$1200000$e7SFlaAP4nFQEhplV5sygM$vOfGune7MbmtCFFcmWNN4WVdJ//kVigJBoFvt4C0m/8=",
    "last_login": "2026-06-18T21:41:12.510Z",
    "is_superuser": true,
    "username": "Ibrahem",
    "first_name": "",
    "last_name": "",
    "email": "",
    "is_staff": true,
    "is_active": true,
    "date_joined": "2026-05-31T00:13:15Z",
    "groups": [
      11
    ],
    "user_permissions": []
  }
},
{
  "model": "auth.user",
  "pk": 18,
  "fields": {
    "password": "pbkdf2_sha256$1200000$hNUuwbrdw308kQiK4OBBv6$hQi+YzgRjE+0rUOF2fCOKQBAskD9PNG86/CIU+TMMU0=",
    "last_login": "2026-06-19T14:49:32.710Z",
    "is_superuser": false,
    "username": "haitham",
    "first_name": "",
    "last_name": "",
    "email": "",
    "is_staff": false,
    "is_active": true,
    "date_joined": "2026-06-18T21:40:19Z",
    "groups": [
      10
    ],
    "user_permissions": []
  }
},
{
  "model": "sessions.session",
  "pk": "1jl7a91ep72fkqlprekm8xr05k1ex9n8",
  "fields": {
    "session_data": ".eJxVjMsOwiAQAP9lz4YAIo8evfsNZGEXqRpISnsy_rtp0oNeZybzhojbWuM2eIkzwQQBTr8sYX5y2wU9sN27yL2ty5zEnojDDnHrxK_r0f4NKo4KEyAZazVJRczBay_PaHRyKqeki5P5gl5lzL4odJKLY2ONQfSMqgRbCny-9wQ4vw:1wVYGU:XJJfuvykozgZsgyxvdk6TA1uMXEcMRNZmyqT7tvIaII",
    "expire_date": "2026-06-19T17:23:26.055Z"
  }
},
{
  "model": "sessions.session",
  "pk": "1qngqn7y01ropv5iu42ijqovlixvzq4y",
  "fields": {
    "session_data": ".eJxVjMsOwiAQRf-FtSEMDyku3fsNZJgBqRqalHZl_HdD0oVu7znnvkXEfatx73mNM4uLAC9Ov2NCeuY2CD-w3RdJS9vWOcmhyIN2eVs4v66H-3dQsddRg7HgA7DS2jkiYzNbNNYxJswKrDaGvMapWHA0UQhwLp6cgsJZBSM-X_GeN5I:1wTjJ7:J-hDNxoHk0KTTcKUjQeOpxXlNOeOlmNQ2bFfnX9e-Bs",
    "expire_date": "2026-06-14T16:46:37.961Z"
  }
},
{
  "model": "sessions.session",
  "pk": "5di1c7apx3ggqkq5eau3tfrntxm6zs1n",
  "fields": {
    "session_data": ".eJxVjEEOwiAQAP_C2RCgy2I8evcNZNkFqRqalPZk_Lsh6UGvM5N5q0j7VuPe8xpnURdl1emXJeJnbkPIg9p90by0bZ2THok-bNe3RfLrerR_g0q9ji0GS4TOhkDoiZ0XAUJOkzFn5sIEWSw4dL4gGfTsBNzkE9BUPID6fAHegzes:1wT1zK:3A6xtK2vO1qxH-131W6n8oR4lRmLiMiy-AFRYSAwJM4",
    "expire_date": "2026-06-12T18:31:18.541Z"
  }
},
{
  "model": "sessions.session",
  "pk": "6bqekq4baz5q8mo4odp9u5jx6ovmjhfq",
  "fields": {
    "session_data": ".eJxVjLsOwjAMAP_FM4pw4yRtR_Z-Q-XaCSmgROpjQvw7qtQB1rvTvWHkfcvjvsZlnBV6wACXXzixPGM5jD643KuRWrZlnsyRmNOuZqgaX7ez_RtkXjP00KE4wZCIOmWSzuKEV2Xn0WF01reKwWnynEiIUAOxpUZa69Q3ERv4fAH4cjdu:1wZe9N:S5tY4rpSHD1lLl_AEa_1chmJJOPnerVtd4m8tXv789g",
    "expire_date": "2026-07-01T00:29:01.169Z"
  }
},
{
  "model": "sessions.session",
  "pk": "6gi38nu1ew58bd3datkujce5zur7xwua",
  "fields": {
    "session_data": ".eJxVjrFuAyEQBf-F1jFaOJbjKN2nc4-WBXIkFkgGV5H_PTrJRdy-GY3erwj0mHt4jHwPNQkvlBMf_8dI_JPbQdI3ta8uubd5r1EeinzRIT97yrfLy30L7DR24cUSmZGAyGbniFbLRae0FkZmawxgXNHhYsrGmQotSEobVrSSiZtNx6vWZy2VadbeRhg5t0BTeKFB2zPYs9quyngEj0YqbcDhCcADiOcfi4FJPg:1waaYY:AMuxb7BkNeFILYEhabD9roUhizmxqA-lm19sCR74re8",
    "expire_date": "2026-07-03T14:50:54.147Z"
  }
},
{
  "model": "sessions.session",
  "pk": "7ta91cyl2ijfiuhyu3q7kfwvwjnx2ypi",
  "fields": {
    "session_data": ".eJxVjLsOwjAMAP_FM4pw4yRtR_Z-Q-XaCSmgROpjQvw7qtQB1rvTvWHkfcvjvsZlnBV6wACXXzixPGM5jD643KuRWrZlnsyRmNOuZqgaX7ez_RtkXjP00KE4wZCIOmWSzuKEV2Xn0WF01reKwWnynEiIUAOxpUZa69Q3ERv4fAH4cjdu:1wY9Dr:ud8pDT1Fkz55ol3Z4cbdONuj-ElLaj0n0qXyjSHFsls",
    "expire_date": "2026-06-26T21:15:27.223Z"
  }
},
{
  "model": "sessions.session",
  "pk": "8memcwh8f1c0xeqeen0hxp1ishhvw5hs",
  "fields": {
    "session_data": ".eJxVjEEOwiAQAP_C2RCgy2I8evcNZNkFqRqalPZk_Lsh6UGvM5N5q0j7VuPe8xpnURdl1emXJeJnbkPIg9p90by0bZ2THok-bNe3RfLrerR_g0q9ji0GS4TOhkDoiZ0XAUJOkzFn5sIEWSw4dL4gGfTsBNzkE9BUPID6fAHegzes:1waPNB:mHaXc3n7sMuHtAj8fkyLUftMNSJDhbr-IzU-yws42rw",
    "expire_date": "2026-07-03T02:54:25.657Z"
  }
},
{
  "model": "sessions.session",
  "pk": "a71zukftipko1xdghznfhakv3jrvcht8",
  "fields": {
    "session_data": ".eJxVjDkOwjAQAP-yNbLw-tqkpM8bIl-LA8iW4qRC_B1FSgHtzGjeMPt9K_Pe8zovCUaQBi6_MPj4zPUw6eHrvYnY6rYuQRyJOG0XU0v5dTvbv0HxvcAIzCFrxahdDopQS_baWR3JYEw2sTUYrko5JEJ0g2NEb6SRNCS0kgg-XwJeNvs:1wVW2Q:FBzAKvCUNX-NZpjV9Ec_0mLqIrVNLN4qYPbYuc5c7Rw",
    "expire_date": "2026-06-19T15:00:46.859Z"
  }
},
{
  "model": "sessions.session",
  "pk": "bl7ic9i3oev07x5awi5rmcigiacm6b6s",
  "fields": {
    "session_data": ".eJxVjEEOwiAQAP-yZ0O60LKlR---gcCySNXQpLQn499Nkx70OjOZN_iwb8XvTVY_J5iA4PLLYuCn1EOkR6j3RfFSt3WO6kjUaZu6LUle17P9G5TQCkxgs4wijm2INlsyqMkQDgP17HTmnoWwc6MddXaJDIogd3HoDGo2yAE-X-GGN4E:1wVHbF:h8jOo9LNiwJGaIL2A5rv4eZZZpX3H562oNkguRFV81E",
    "expire_date": "2026-06-18T23:35:45.581Z"
  }
},
{
  "model": "sessions.session",
  "pk": "bttehrma0zg1nj8t50vcnziwho1ipufm",
  "fields": {
    "session_data": ".eJxVjDkKwzAQAP-ydRBa67TL9HmD2UNEToIMPqqQvweDi6SdGeYNI-1bHfe1LOOkMAAGuPxCJnmWdhh9ULvPRua2LRObIzGnXc1t1vK6nu3foNJaYQDJ6qxo6ARFiVhjpsS-x9BL6nxwGXOS4EPxsSTHSby1iIxOSZUjfL4U3jgl:1waKNU:42nM6XAGTalO4nIMfkZSEc_m5Eari43SWnGoode0i8Y",
    "expire_date": "2026-07-02T21:34:24.937Z"
  }
},
{
  "model": "sessions.session",
  "pk": "cw55rai3bwp2mygwde8dhpy4v6xuu6xj",
  "fields": {
    "session_data": ".eJxVjLsOwjAMAP_FM4pw4yRtR_Z-Q-XaCSmgROpjQvw7qtQB1rvTvWHkfcvjvsZlnBV6wACXXzixPGM5jD643KuRWrZlnsyRmNOuZqgaX7ez_RtkXjP00KE4wZCIOmWSzuKEV2Xn0WF01reKwWnynEiIUAOxpUZa69Q3ERv4fAH4cjdu:1wZeJc:CEj20f_gTP7fr2jZnIvLmlbU9K-2VT3p9D9kD2GByck",
    "expire_date": "2026-07-01T00:39:36.601Z"
  }
},
{
  "model": "sessions.session",
  "pk": "d0tr96xyvehztf44q3neouhn8h611v8h",
  "fields": {
    "session_data": ".eJxVjM0OwiAQBt9lz4b0hwXao3efoflYwFYNJKU9Gd_dNOlBrzOTedOEfZunvcZ1WgKN1Dq6_EIPecZ8mPBAvhclJW_r4tWRqNNWdSshvq5n-zeYUWcaqfcijAYw0TnAGkldCDYJixitG_aWHfc6DRKR0DPaTksLC-0HExx9vj0OOSI:1waKVZ:zZJo7BkU-mdVxxCSg7Qs5qy7hE8aVPsYipc0bzKdpjo",
    "expire_date": "2026-07-02T21:42:45.495Z"
  }
},
{
  "model": "sessions.session",
  "pk": "djjmel6pov5uo78p4wge854lxp9yt3i6",
  "fields": {
    "session_data": ".eJxVjDkKwzAQAP-ydRBa67TL9HmD2UNEToIMPqqQvweDi6SdGeYNI-1bHfe1LOOkMAAGuPxCJnmWdhh9ULvPRua2LRObIzGnXc1t1vK6nu3foNJaYQDJ6qxo6ARFiVhjpsS-x9BL6nxwGXOS4EPxsSTHSby1iIxOSZUjfL4U3jgl:1wY9B9:aqeCfyTVCQ1-ftRAcYV1YmzEbrAQhNP0bqw9m4Iuza0",
    "expire_date": "2026-06-26T21:12:39.846Z"
  }
},
{
  "model": "sessions.session",
  "pk": "f0t3gu7diccz0v1qy5lc18vhrgrlaclu",
  "fields": {
    "session_data": ".eJxVjDEOgzAMAP_iuYrshiSYsTtvQE6cFNoKJAJT1b9XSAztene6Nwyyb-Ow17wOk0IHZOHyC6OkZ54Pow-Z74tJy7ytUzRHYk5bTb9oft3O9m8wSh2hA4fiKFss14YlxcCBmZRcJEK25ELWYktssSkBsQmesiKLBvbWF2rh8wXmwTca:1waaSC:AltOKsiUrUpQtxFBg--sOjn78TOYgU1R7QQzdP0fL0I",
    "expire_date": "2026-07-03T14:44:20.211Z"
  }
},
{
  "model": "sessions.session",
  "pk": "f6oaz7sfif2wpycg0xe2myonj1w846op",
  "fields": {
    "session_data": ".eJxVjMsOgjAQAP9lz6ap9AlH73xDs93dWtRAQuFk_HdDwkGvM5N5Q8J9q2lvsqaJYQAHl1-WkZ4yH4IfON8XRcu8rVNWR6JO29S4sLxuZ_s3qNgqDKBLJ1frKGruoidTrNEF2cdi0XlbdC_eIgXsg3PeFMMk2rEPOQQJZOHzBeCEN-g:1wT1q1:b17P0GYDrmpaIiie1xUNDhgz7XVMUjYGNlLPqyeRPfU",
    "expire_date": "2026-06-12T18:21:41.486Z"
  }
},
{
  "model": "sessions.session",
  "pk": "hgapv4jq1bc6x1d0mhozevoqks2tgk93",
  "fields": {
    "session_data": ".eJxVjEEOwiAQAP-yZ0O60LKlR---gcCySNXQpLQn499Nkx70OjOZN_iwb8XvTVY_J5iA4PLLYuCn1EOkR6j3RfFSt3WO6kjUaZu6LUle17P9G5TQCkxgs4wijm2INlsyqMkQDgP17HTmnoWwc6MddXaJDIogd3HoDGo2yAE-X-GGN4E:1waKMm:BtRTA3O1X3yLdnM2x0V2H0geJGvkrJzYpwlYEnzZE9g",
    "expire_date": "2026-07-02T21:33:40.569Z"
  }
},
{
  "model": "sessions.session",
  "pk": "irsm5igi7sbd58xxfb223s9rspqmy6vg",
  "fields": {
    "session_data": ".eJxVjEEOwiAQAP_C2RCgy2I8evcNZNkFqRqalPZk_Lsh6UGvM5N5q0j7VuPe8xpnURdl1emXJeJnbkPIg9p90by0bZ2THok-bNe3RfLrerR_g0q9ji0GS4TOhkDoiZ0XAUJOkzFn5sIEWSw4dL4gGfTsBNzkE9BUPID6fAHegzes:1wZcSq:mfda7Kc9iz8OgfdKRHzGauZMG_TvX5vrSoIXpjWX4IY",
    "expire_date": "2026-06-30T22:41:00.574Z"
  }
},
{
  "model": "sessions.session",
  "pk": "n7egjg4ca5ytecafdvzrysr0y62qg2cw",
  "fields": {
    "session_data": ".eJxVjDkKwzAQAP-ydRBa67TL9HmD2UNEToIMPqqQvweDi6SdGeYNI-1bHfe1LOOkMAAGuPxCJnmWdhh9ULvPRua2LRObIzGnXc1t1vK6nu3foNJaYQDJ6qxo6ARFiVhjpsS-x9BL6nxwGXOS4EPxsSTHSby1iIxOSZUjfL4U3jgl:1wYtoA:S9bl_2AengaLqzgBLZSlh4YCu2uysiZZoZhWZCSd1pU",
    "expire_date": "2026-06-28T23:00:02.185Z"
  }
},
{
  "model": "sessions.session",
  "pk": "ncd0b9e4dc8hmo77cs95ircxpmae5wej",
  "fields": {
    "session_data": ".eJxVjMsOwiAQAP9lz4YshYXao_d-A1nYIlUDSR8n47-bJj3odWYybwi8byXs67SEWWAA7eHyCyOn51QPIw-u96ZSq9syR3Uk6rSrGptMr9vZ_g0KrwUGQDEUGXVyBp3PYjNeM2XnjSYrJpLHzqAj7nPW2FOnrcNkhEXIRrbw-QLsFzdd:1waKU4:IDo5-TqPZppndakE7dcdYy9oA5HTMK4Kt0EW9WHT3u0",
    "expire_date": "2026-07-02T21:41:12.524Z"
  }
},
{
  "model": "sessions.session",
  "pk": "ntc3fnzhzf7ji785eb7473uvzy4jetc8",
  "fields": {
    "session_data": ".eJxVjMsOgjAQAP9lz6ap9AlH73xDs93dWtRAQuFk_HdDwkGvM5N5Q8J9q2lvsqaJYQAHl1-WkZ4yH4IfON8XRcu8rVNWR6JO29S4sLxuZ_s3qNgqDKBLJ1frKGruoidTrNEF2cdi0XlbdC_eIgXsg3PeFMMk2rEPOQQJZOHzBeCEN-g:1wT28g:Wga0204CdYHqPt4hVDervw-ccxriwSFp58OXap1nbbA",
    "expire_date": "2026-06-12T18:40:58.006Z"
  }
},
{
  "model": "sessions.session",
  "pk": "oqkk45glungjwg1rp6ex77a8m7z5re0l",
  "fields": {
    "session_data": ".eJxVjEEOwiAQAP-yZ0O60LKlR---gcCySNXQpLQn499Nkx70OjOZN_iwb8XvTVY_J5iA4PLLYuCn1EOkR6j3RfFSt3WO6kjUaZu6LUle17P9G5TQCkxgs4wijm2INlsyqMkQDgP17HTmnoWwc6MddXaJDIogd3HoDGo2yAE-X-GGN4E:1wVIRR:R2o9BCJ882TulQnR5C0G-xYOAmZJQmWt5NDxJ1bezxU",
    "expire_date": "2026-06-19T00:29:41.453Z"
  }
},
{
  "model": "sessions.session",
  "pk": "rmdpd31qob67s9oooh6ls24rx2vlqh87",
  "fields": {
    "session_data": ".eJxVjEEOwiAQAP-yZ0O60LKlR---gcCySNXQpLQn499Nkx70OjOZN_iwb8XvTVY_J5iA4PLLYuCn1EOkR6j3RfFSt3WO6kjUaZu6LUle17P9G5TQCkxgs4wijm2INlsyqMkQDgP17HTmnoWwc6MddXaJDIogd3HoDGo2yAE-X-GGN4E:1wZeKL:ThLja_Wr2Zuu0aOLauaiaE07gJzVrOJzJZic7PRg6es",
    "expire_date": "2026-07-01T00:40:21.650Z"
  }
},
{
  "model": "sessions.session",
  "pk": "s7ckdrk5z0hqizxpa591ku13pxae508o",
  "fields": {
    "session_data": ".eJxVjEEOwiAQAP-yZ0O60LKlR---gcCySNXQpLQn499Nkx70OjOZN_iwb8XvTVY_J5iA4PLLYuCn1EOkR6j3RfFSt3WO6kjUaZu6LUle17P9G5TQCkxgs4wijm2INlsyqMkQDgP17HTmnoWwc6MddXaJDIogd3HoDGo2yAE-X-GGN4E:1wVIBv:uiaJWL3dfR94BiWFu4XXUWs74X8nToi8JPuAp5OSSi4",
    "expire_date": "2026-06-19T00:13:39.450Z"
  }
},
{
  "model": "sessions.session",
  "pk": "sk5ebhtgzirm0efwh3t3tzut7s3l20ms",
  "fields": {
    "session_data": ".eJxVjEEOwiAQAP-yZ0O60LKlR---gcCySNXQpLQn499Nkx70OjOZN_iwb8XvTVY_J5iA4PLLYuCn1EOkR6j3RfFSt3WO6kjUaZu6LUle17P9G5TQCkxgs4wijm2INlsyqMkQDgP17HTmnoWwc6MddXaJDIogd3HoDGo2yAE-X-GGN4E:1wVIAp:9Qasr02vHCGTOqhtD4t-V_ahwsRaNYkm8XlmMtXD824",
    "expire_date": "2026-06-19T00:12:31.865Z"
  }
},
{
  "model": "sessions.session",
  "pk": "vuladcttecudb686k0iq1to28bx46z4b",
  "fields": {
    "session_data": ".eJxVjEEOwiAQAP_C2RCgy2I8evcNZNkFqRqalPZk_Lsh6UGvM5N5q0j7VuPe8xpnURdl1emXJeJnbkPIg9p90by0bZ2THok-bNe3RfLrerR_g0q9ji0GS4TOhkDoiZ0XAUJOkzFn5sIEWSw4dL4gGfTsBNzkE9BUPID6fAHegzes:1wSiTy:08Pxyb7-arWf3X4itupQI27o8Y8jjnhpf4lQ5Hrs4Ts",
    "expire_date": "2026-06-11T21:41:38.173Z"
  }
},
{
  "model": "sessions.session",
  "pk": "w0f7wfxvc8ppow1w2nx5p9po535t76iu",
  "fields": {
    "session_data": ".eJxVjDEOgzAMAP_iuYoCaXDC2J03IDt2Cm0VJAJT1b9XSAztene6N4y0b9O4V13HWaCHDi6_jCk9tRxCHlTui0lL2daZzZGY01YzLKKv29n-DSaqE_SgGHzgmDRZpICeHUafQ8pOnO3QKmrApm2JGlR2LB1LjizssM1Xr_D5Au-ZOH8:1wT27N:VrOBDmtMMN-LDbs5JjxqRviUG8Nxjshu0ZKCoS1-tVc",
    "expire_date": "2026-06-12T18:39:37.479Z"
  }
},
{
  "model": "sessions.session",
  "pk": "x69o5w5l85irumeqvd4edr3zewrmal29",
  "fields": {
    "session_data": ".eJxVjDkKwzAQAP-ydRBa67TL9HmD2UNEToIMPqqQvweDi6SdGeYNI-1bHfe1LOOkMAAGuPxCJnmWdhh9ULvPRua2LRObIzGnXc1t1vK6nu3foNJaYQDJ6qxo6ARFiVhjpsS-x9BL6nxwGXOS4EPxsSTHSby1iIxOSZUjfL4U3jgl:1wZe9Y:RtCTrQUSOdeamvLg8YkiHNYrSLD5UyYz8k6U-qxcD_k",
    "expire_date": "2026-07-01T00:29:12.287Z"
  }
},
{
  "model": "cssd.location",
  "pk": 1,
  "fields": {
    "name": "Male Clinics",
    "code": "Male",
    "group_type": "MALE",
    "engineers": [
      15
    ]
  }
},
{
  "model": "cssd.location",
  "pk": 2,
  "fields": {
    "name": "Female Clinics",
    "code": "FEMALE",
    "group_type": "FEMALE",
    "engineers": [
      16
    ]
  }
},
{
  "model": "cssd.location",
  "pk": 3,
  "fields": {
    "name": "Specialty Clinic 1",
    "code": "SP1",
    "group_type": "SPECIALTY",
    "engineers": [
      16
    ]
  }
},
{
  "model": "cssd.location",
  "pk": 4,
  "fields": {
    "name": "Specialty Clinic 2",
    "code": "SP2",
    "group_type": "SPECIALTY",
    "engineers": [
      15
    ]
  }
},
{
  "model": "cssd.location",
  "pk": 5,
  "fields": {
    "name": "Specialty Clinic 3",
    "code": "SP3",
    "group_type": "SPECIALTY",
    "engineers": [
      16
    ]
  }
},
{
  "model": "cssd.location",
  "pk": 6,
  "fields": {
    "name": "Specialty Clinic 4",
    "code": "SP4",
    "group_type": "SPECIALTY",
    "engineers": [
      15
    ]
  }
},
{
  "model": "cssd.location",
  "pk": 7,
  "fields": {
    "name": "Specialty Clinic 5",
    "code": "SP5",
    "group_type": "SPECIALTY",
    "engineers": [
      16
    ]
  }
},
{
  "model": "cssd.location",
  "pk": 8,
  "fields": {
    "name": "Specialty Clinic 6",
    "code": "SP6",
    "group_type": "SPECIALTY",
    "engineers": [
      15
    ]
  }
},
{
  "model": "cssd.location",
  "pk": 9,
  "fields": {
    "name": "Emergency Clinic 1",
    "code": "EM1",
    "group_type": "EMERGENCY",
    "engineers": [
      16
    ]
  }
},
{
  "model": "cssd.location",
  "pk": 10,
  "fields": {
    "name": "Emergency Clinic 2",
    "code": "EM2",
    "group_type": "EMERGENCY",
    "engineers": [
      15
    ]
  }
},
{
  "model": "cssd.location",
  "pk": 11,
  "fields": {
    "name": "CSSD",
    "code": "CSSD",
    "group_type": "CSSD",
    "engineers": [
      15,
      16
    ]
  }
},
{
  "model": "cssd.location",
  "pk": 12,
  "fields": {
    "name": "LAB",
    "code": "LAB",
    "group_type": "LAB",
    "engineers": [
      15,
      16
    ]
  }
},
{
  "model": "cssd.location",
  "pk": 13,
  "fields": {
    "name": "RADIOLOGY",
    "code": "RAD",
    "group_type": "RADIOLOGY",
    "engineers": [
      15,
      16
    ]
  }
},
{
  "model": "cssd.cssdtemplate",
  "pk": 1,
  "fields": {
    "name": "Student",
    "code": "STUDENT"
  }
},
{
  "model": "cssd.cssdtemplate",
  "pk": 2,
  "fields": {
    "name": "Specialty",
    "code": "SPECIALTY"
  }
},
{
  "model": "cssd.cssdtemplate",
  "pk": 3,
  "fields": {
    "name": "Surgery",
    "code": "SURGERY"
  }
},
{
  "model": "cssd.cssdtemplate",
  "pk": 4,
  "fields": {
    "name": "Endo",
    "code": "ENDO"
  }
},
{
  "model": "cssd.cssdtemplate",
  "pk": 5,
  "fields": {
    "name": "Perio",
    "code": "PERIO"
  }
},
{
  "model": "cssd.cssdtemplate",
  "pk": 6,
  "fields": {
    "name": "Extraction Set",
    "code": "EXT-001"
  }
},
{
  "model": "cssd.cssdtemplateitem",
  "pk": 1,
  "fields": {
    "template": 1,
    "instrument_name": "Tray 1",
    "sort_order": 1
  }
},
{
  "model": "cssd.cssdtemplateitem",
  "pk": 2,
  "fields": {
    "template": 1,
    "instrument_name": "Tray 2",
    "sort_order": 2
  }
},
{
  "model": "cssd.cssdtemplateitem",
  "pk": 3,
  "fields": {
    "template": 1,
    "instrument_name": "Tray 3",
    "sort_order": 3
  }
},
{
  "model": "cssd.cssdtemplateitem",
  "pk": 4,
  "fields": {
    "template": 1,
    "instrument_name": "Tray 6",
    "sort_order": 4
  }
},
{
  "model": "cssd.cssdtemplateitem",
  "pk": 5,
  "fields": {
    "template": 1,
    "instrument_name": "Sickle Scaler",
    "sort_order": 5
  }
},
{
  "model": "cssd.cssdtemplateitem",
  "pk": 6,
  "fields": {
    "template": 1,
    "instrument_name": "Periodontal Diagnostic",
    "sort_order": 6
  }
},
{
  "model": "cssd.cssdtemplateitem",
  "pk": 7,
  "fields": {
    "template": 1,
    "instrument_name": "Syringe",
    "sort_order": 7
  }
},
{
  "model": "cssd.cssdtemplateitem",
  "pk": 8,
  "fields": {
    "template": 1,
    "instrument_name": "3 Way Syringe",
    "sort_order": 8
  }
},
{
  "model": "cssd.cssdtemplateitem",
  "pk": 9,
  "fields": {
    "template": 1,
    "instrument_name": "High Speed Hand Piece",
    "sort_order": 9
  }
},
{
  "model": "cssd.cssdtemplateitem",
  "pk": 10,
  "fields": {
    "template": 1,
    "instrument_name": "Low Speed Hand Piece",
    "sort_order": 10
  }
},
{
  "model": "cssd.cssdtemplateitem",
  "pk": 11,
  "fields": {
    "template": 1,
    "instrument_name": "Straight Hand Piece",
    "sort_order": 11
  }
},
{
  "model": "cssd.cssdtemplateitem",
  "pk": 12,
  "fields": {
    "template": 1,
    "instrument_name": "Coupling",
    "sort_order": 12
  }
},
{
  "model": "cssd.cssdtemplateitem",
  "pk": 13,
  "fields": {
    "template": 1,
    "instrument_name": "Light Cure Tip",
    "sort_order": 13
  }
},
{
  "model": "cssd.cssdtemplateitem",
  "pk": 14,
  "fields": {
    "template": 1,
    "instrument_name": "Spatula Small",
    "sort_order": 14
  }
},
{
  "model": "cssd.cssdtemplateitem",
  "pk": 15,
  "fields": {
    "template": 1,
    "instrument_name": "Palodent Ring",
    "sort_order": 15
  }
},
{
  "model": "cssd.cssdtemplateitem",
  "pk": 16,
  "fields": {
    "template": 1,
    "instrument_name": "Mandrel",
    "sort_order": 16
  }
},
{
  "model": "cssd.cssdtemplateitem",
  "pk": 17,
  "fields": {
    "template": 1,
    "instrument_name": "Spatula Big",
    "sort_order": 17
  }
},
{
  "model": "cssd.cssdtemplateitem",
  "pk": 18,
  "fields": {
    "template": 1,
    "instrument_name": "Glass Slap",
    "sort_order": 18
  }
},
{
  "model": "cssd.cssdtemplateitem",
  "pk": 19,
  "fields": {
    "template": 1,
    "instrument_name": "Template",
    "sort_order": 19
  }
},
{
  "model": "cssd.cssdtemplateitem",
  "pk": 20,
  "fields": {
    "template": 1,
    "instrument_name": "Applicator",
    "sort_order": 20
  }
},
{
  "model": "cssd.cssdtemplateitem",
  "pk": 21,
  "fields": {
    "template": 1,
    "instrument_name": "Scaler Key With Cover And Tip",
    "sort_order": 21
  }
},
{
  "model": "cssd.cssdtemplateitem",
  "pk": 22,
  "fields": {
    "template": 1,
    "instrument_name": "Blue Tray",
    "sort_order": 22
  }
},
{
  "model": "cssd.cssdtemplateitem",
  "pk": 23,
  "fields": {
    "template": 1,
    "instrument_name": "Intraoral Mirror",
    "sort_order": 23
  }
},
{
  "model": "cssd.cssdtemplateitem",
  "pk": 24,
  "fields": {
    "template": 1,
    "instrument_name": "Kidney Dish",
    "sort_order": 24
  }
},
{
  "model": "cssd.cssdtemplateitem",
  "pk": 25,
  "fields": {
    "template": 1,
    "instrument_name": "Apex Locator Tip",
    "sort_order": 25
  }
},
{
  "model": "cssd.cssdtemplateitem",
  "pk": 26,
  "fields": {
    "template": 1,
    "instrument_name": "Wire",
    "sort_order": 26
  }
},
{
  "model": "cssd.cssdtemplateitem",
  "pk": 27,
  "fields": {
    "template": 1,
    "instrument_name": "Rotary Head",
    "sort_order": 27
  }
},
{
  "model": "cssd.cssdtemplateitem",
  "pk": 28,
  "fields": {
    "template": 1,
    "instrument_name": "Pulp Test Tip",
    "sort_order": 28
  }
},
{
  "model": "cssd.cssdtemplateitem",
  "pk": 29,
  "fields": {
    "template": 1,
    "instrument_name": "Hook",
    "sort_order": 29
  }
},
{
  "model": "cssd.cssdtemplateitem",
  "pk": 30,
  "fields": {
    "template": 1,
    "instrument_name": "Blue Drill",
    "sort_order": 30
  }
},
{
  "model": "cssd.cssdtemplateitem",
  "pk": 31,
  "fields": {
    "template": 1,
    "instrument_name": "White Drill",
    "sort_order": 31
  }
},
{
  "model": "cssd.cssdtemplateitem",
  "pk": 32,
  "fields": {
    "template": 1,
    "instrument_name": "Red Drill",
    "sort_order": 32
  }
},
{
  "model": "cssd.cssdtemplateitem",
  "pk": 33,
  "fields": {
    "template": 1,
    "instrument_name": "Yellow Drill",
    "sort_order": 33
  }
},
{
  "model": "cssd.cssdtemplateitem",
  "pk": 34,
  "fields": {
    "template": 1,
    "instrument_name": "Bar Posterior",
    "sort_order": 34
  }
},
{
  "model": "cssd.cssdtemplateitem",
  "pk": 35,
  "fields": {
    "template": 1,
    "instrument_name": "Bitewing",
    "sort_order": 35
  }
},
{
  "model": "cssd.cssdtemplateitem",
  "pk": 36,
  "fields": {
    "template": 1,
    "instrument_name": "Black Ring",
    "sort_order": 36
  }
},
{
  "model": "cssd.cssdtemplateitem",
  "pk": 37,
  "fields": {
    "template": 1,
    "instrument_name": "Yellow",
    "sort_order": 37
  }
},
{
  "model": "cssd.cssdtemplateitem",
  "pk": 38,
  "fields": {
    "template": 1,
    "instrument_name": "Blue",
    "sort_order": 38
  }
},
{
  "model": "cssd.cssdtemplateitem",
  "pk": 39,
  "fields": {
    "template": 1,
    "instrument_name": "Red",
    "sort_order": 39
  }
},
{
  "model": "cssd.cssdtemplateitem",
  "pk": 40,
  "fields": {
    "template": 1,
    "instrument_name": "Green",
    "sort_order": 40
  }
},
{
  "model": "cssd.cssdtemplateitem",
  "pk": 41,
  "fields": {
    "template": 1,
    "instrument_name": "Mouth Prop",
    "sort_order": 41
  }
},
{
  "model": "cssd.cssdtemplateitem",
  "pk": 42,
  "fields": {
    "template": 1,
    "instrument_name": "Automatrix Pliers",
    "sort_order": 42
  }
},
{
  "model": "cssd.cssdtemplateitem",
  "pk": 43,
  "fields": {
    "template": 1,
    "instrument_name": "Matrix Holder",
    "sort_order": 43
  }
},
{
  "model": "cssd.cssdtemplateitem",
  "pk": 44,
  "fields": {
    "template": 1,
    "instrument_name": "Ivory Matrix",
    "sort_order": 44
  }
},
{
  "model": "cssd.cssdtemplateitem",
  "pk": 45,
  "fields": {
    "template": 1,
    "instrument_name": "Eliot",
    "sort_order": 45
  }
},
{
  "model": "cssd.cssdtemplateitem",
  "pk": 46,
  "fields": {
    "template": 1,
    "instrument_name": "Caliper",
    "sort_order": 46
  }
},
{
  "model": "cssd.cssdtemplateitem",
  "pk": 47,
  "fields": {
    "template": 1,
    "instrument_name": "Small Pliers",
    "sort_order": 47
  }
},
{
  "model": "cssd.cssdtemplateitem",
  "pk": 48,
  "fields": {
    "template": 1,
    "instrument_name": "Pedo Frame",
    "sort_order": 48
  }
},
{
  "model": "cssd.cssdtemplateitem",
  "pk": 49,
  "fields": {
    "template": 1,
    "instrument_name": "Plugger",
    "sort_order": 49
  }
},
{
  "model": "cssd.cssdtemplateitem",
  "pk": 50,
  "fields": {
    "template": 1,
    "instrument_name": "Dycal Applicator",
    "sort_order": 50
  }
},
{
  "model": "cssd.cssdtemplateitem",
  "pk": 51,
  "fields": {
    "template": 1,
    "instrument_name": "Excavator",
    "sort_order": 51
  }
},
{
  "model": "cssd.cssdtemplateitem",
  "pk": 52,
  "fields": {
    "template": 1,
    "instrument_name": "Condenser",
    "sort_order": 52
  }
},
{
  "model": "cssd.cssdtemplateitem",
  "pk": 53,
  "fields": {
    "template": 1,
    "instrument_name": "Golden Condenser",
    "sort_order": 53
  }
},
{
  "model": "cssd.cssdtemplateitem",
  "pk": 54,
  "fields": {
    "template": 1,
    "instrument_name": "Burnisher",
    "sort_order": 54
  }
},
{
  "model": "cssd.cssdtemplateitem",
  "pk": 55,
  "fields": {
    "template": 1,
    "instrument_name": "Cheek Retractor",
    "sort_order": 55
  }
},
{
  "model": "cssd.cssdtemplateitem",
  "pk": 56,
  "fields": {
    "template": 1,
    "instrument_name": "Gauge",
    "sort_order": 56
  }
},
{
  "model": "cssd.cssdtemplateitem",
  "pk": 57,
  "fields": {
    "template": 1,
    "instrument_name": "Endo Ruler",
    "sort_order": 57
  }
},
{
  "model": "cssd.cssdtemplateitem",
  "pk": 58,
  "fields": {
    "template": 1,
    "instrument_name": "Scissor",
    "sort_order": 58
  }
},
{
  "model": "cssd.cssdtemplateitem",
  "pk": 59,
  "fields": {
    "template": 1,
    "instrument_name": "Rubber Bowl",
    "sort_order": 59
  }
},
{
  "model": "cssd.cssdtemplateitem",
  "pk": 60,
  "fields": {
    "template": 1,
    "instrument_name": "Wax Knife",
    "sort_order": 60
  }
},
{
  "model": "cssd.cssdtemplateitem",
  "pk": 61,
  "fields": {
    "template": 1,
    "instrument_name": "Wax Carver",
    "sort_order": 61
  }
},
{
  "model": "cssd.cssdtemplateitem",
  "pk": 62,
  "fields": {
    "template": 1,
    "instrument_name": "Basbosa Knife",
    "sort_order": 62
  }
},
{
  "model": "cssd.cssdtemplateitem",
  "pk": 63,
  "fields": {
    "template": 1,
    "instrument_name": "Gun",
    "sort_order": 63
  }
},
{
  "model": "cssd.cssdtemplateitem",
  "pk": 64,
  "fields": {
    "template": 1,
    "instrument_name": "Crown Remover",
    "sort_order": 64
  }
},
{
  "model": "cssd.cssdtemplateitem",
  "pk": 65,
  "fields": {
    "template": 1,
    "instrument_name": "Blade Holder",
    "sort_order": 65
  }
},
{
  "model": "cssd.cssdtemplateitem",
  "pk": 66,
  "fields": {
    "template": 1,
    "instrument_name": "Acrylic",
    "sort_order": 66
  }
},
{
  "model": "cssd.cssdtemplateitem",
  "pk": 67,
  "fields": {
    "template": 4,
    "instrument_name": "TRAY 1",
    "sort_order": 1
  }
},
{
  "model": "cssd.cssdtemplateitem",
  "pk": 68,
  "fields": {
    "template": 4,
    "instrument_name": "TRAY 2",
    "sort_order": 2
  }
},
{
  "model": "cssd.cssdtemplateitem",
  "pk": 69,
  "fields": {
    "template": 4,
    "instrument_name": "METAL SYRING",
    "sort_order": 3
  }
},
{
  "model": "cssd.cssdtemplateitem",
  "pk": 70,
  "fields": {
    "template": 4,
    "instrument_name": "3WAY SYRING",
    "sort_order": 4
  }
},
{
  "model": "cssd.cssdtemplateitem",
  "pk": 71,
  "fields": {
    "template": 4,
    "instrument_name": "LIGHT CURE TIP",
    "sort_order": 5
  }
},
{
  "model": "cssd.cssdtemplateitem",
  "pk": 72,
  "fields": {
    "template": 4,
    "instrument_name": "ENDO RULER",
    "sort_order": 6
  }
},
{
  "model": "cssd.cssdtemplateitem",
  "pk": 73,
  "fields": {
    "template": 4,
    "instrument_name": "ENDO EXPLORER",
    "sort_order": 7
  }
},
{
  "model": "cssd.cssdtemplateitem",
  "pk": 74,
  "fields": {
    "template": 4,
    "instrument_name": "EXCAVITOR",
    "sort_order": 8
  }
},
{
  "model": "cssd.cssdtemplateitem",
  "pk": 75,
  "fields": {
    "template": 4,
    "instrument_name": "PLASTIC INSTRUMENT",
    "sort_order": 9
  }
},
{
  "model": "cssd.cssdtemplateitem",
  "pk": 76,
  "fields": {
    "template": 4,
    "instrument_name": "SPATULA SMALL",
    "sort_order": 10
  }
},
{
  "model": "cssd.cssdtemplateitem",
  "pk": 77,
  "fields": {
    "template": 4,
    "instrument_name": "PLUGGER",
    "sort_order": 11
  }
},
{
  "model": "cssd.cssdtemplateitem",
  "pk": 78,
  "fields": {
    "template": 4,
    "instrument_name": "HIGH SPEED HANDPIECE",
    "sort_order": 12
  }
},
{
  "model": "cssd.cssdtemplateitem",
  "pk": 79,
  "fields": {
    "template": 4,
    "instrument_name": "LOW SPEED HANDPIECE",
    "sort_order": 13
  }
},
{
  "model": "cssd.cssdtemplateitem",
  "pk": 80,
  "fields": {
    "template": 4,
    "instrument_name": "GUN APPLICATOR",
    "sort_order": 14
  }
},
{
  "model": "cssd.cssdtemplateitem",
  "pk": 81,
  "fields": {
    "template": 4,
    "instrument_name": "ULTRA SONIC SCALER TIP",
    "sort_order": 15
  }
},
{
  "model": "cssd.cssdtemplateitem",
  "pk": 82,
  "fields": {
    "template": 4,
    "instrument_name": "APEXO (WIRE&TIP)",
    "sort_order": 16
  }
},
{
  "model": "cssd.cssdtemplateitem",
  "pk": 83,
  "fields": {
    "template": 4,
    "instrument_name": "ROTARY HEAD",
    "sort_order": 17
  }
},
{
  "model": "cssd.cssdtemplateitem",
  "pk": 84,
  "fields": {
    "template": 4,
    "instrument_name": "BLUE TRY",
    "sort_order": 18
  }
},
{
  "model": "cssd.cssdtemplateitem",
  "pk": 85,
  "fields": {
    "template": 5,
    "instrument_name": "TRAY 1",
    "sort_order": 1
  }
},
{
  "model": "cssd.cssdtemplateitem",
  "pk": 86,
  "fields": {
    "template": 5,
    "instrument_name": "TRAY 2",
    "sort_order": 2
  }
},
{
  "model": "cssd.cssdtemplateitem",
  "pk": 87,
  "fields": {
    "template": 5,
    "instrument_name": "METAL SYRING",
    "sort_order": 3
  }
},
{
  "model": "cssd.cssdtemplateitem",
  "pk": 88,
  "fields": {
    "template": 5,
    "instrument_name": "3WAY SYRING",
    "sort_order": 4
  }
},
{
  "model": "cssd.cssdtemplateitem",
  "pk": 89,
  "fields": {
    "template": 5,
    "instrument_name": "Glass slap",
    "sort_order": 5
  }
},
{
  "model": "cssd.cssdtemplateitem",
  "pk": 90,
  "fields": {
    "template": 5,
    "instrument_name": "Surgical forceps",
    "sort_order": 6
  }
},
{
  "model": "cssd.cssdtemplateitem",
  "pk": 91,
  "fields": {
    "template": 5,
    "instrument_name": "Straight elevators",
    "sort_order": 7
  }
},
{
  "model": "cssd.cssdtemplateitem",
  "pk": 92,
  "fields": {
    "template": 5,
    "instrument_name": "EXCAVITOR",
    "sort_order": 8
  }
},
{
  "model": "cssd.cssdtemplateitem",
  "pk": 93,
  "fields": {
    "template": 5,
    "instrument_name": "PLASTIC INSTRUMENT",
    "sort_order": 9
  }
},
{
  "model": "cssd.cssdtemplateitem",
  "pk": 94,
  "fields": {
    "template": 5,
    "instrument_name": "SPATULA",
    "sort_order": 10
  }
},
{
  "model": "cssd.cssdtemplateitem",
  "pk": 95,
  "fields": {
    "template": 5,
    "instrument_name": "Periosteal elevator",
    "sort_order": 11
  }
},
{
  "model": "cssd.cssdtemplateitem",
  "pk": 96,
  "fields": {
    "template": 5,
    "instrument_name": "HIGH SPEED HANDPIECE",
    "sort_order": 12
  }
},
{
  "model": "cssd.cssdtemplateitem",
  "pk": 97,
  "fields": {
    "template": 5,
    "instrument_name": "LOW SPEED HANDPIECE",
    "sort_order": 13
  }
},
{
  "model": "cssd.cssdtemplateitem",
  "pk": 98,
  "fields": {
    "template": 5,
    "instrument_name": "Strouman kit",
    "sort_order": 14
  }
},
{
  "model": "cssd.cssdtemplateitem",
  "pk": 99,
  "fields": {
    "template": 5,
    "instrument_name": "ULTRA SONIC SCALER TIP",
    "sort_order": 15
  }
},
{
  "model": "cssd.cssdtemplateitem",
  "pk": 100,
  "fields": {
    "template": 5,
    "instrument_name": "Biohorizon kit",
    "sort_order": 16
  }
},
{
  "model": "cssd.cssdtemplateitem",
  "pk": 101,
  "fields": {
    "template": 5,
    "instrument_name": "Surgical kits",
    "sort_order": 17
  }
},
{
  "model": "cssd.cssdtemplateitem",
  "pk": 102,
  "fields": {
    "template": 5,
    "instrument_name": "BLUE TRY",
    "sort_order": 18
  }
},
{
  "model": "cssd.cssdtemplateitem",
  "pk": 103,
  "fields": {
    "template": 5,
    "instrument_name": "Surgical suction adabtor",
    "sort_order": 19
  }
},
{
  "model": "cssd.cssdtemplateitem",
  "pk": 104,
  "fields": {
    "template": 5,
    "instrument_name": "goggles",
    "sort_order": 20
  }
},
{
  "model": "cssd.cssdtemplateitem",
  "pk": 105,
  "fields": {
    "template": 5,
    "instrument_name": "Check retractors",
    "sort_order": 21
  }
},
{
  "model": "cssd.cssdtemplateitem",
  "pk": 106,
  "fields": {
    "template": 5,
    "instrument_name": "Lip retractors",
    "sort_order": 22
  }
},
{
  "model": "cssd.cssdtemplateitem",
  "pk": 107,
  "fields": {
    "template": 5,
    "instrument_name": "Chesil",
    "sort_order": 23
  }
},
{
  "model": "cssd.cssdtemplateitem",
  "pk": 108,
  "fields": {
    "template": 5,
    "instrument_name": "Blade holder",
    "sort_order": 24
  }
},
{
  "model": "cssd.cssdtemplateitem",
  "pk": 109,
  "fields": {
    "template": 5,
    "instrument_name": "Needle holder",
    "sort_order": 25
  }
},
{
  "model": "cssd.cssdtemplateitem",
  "pk": 110,
  "fields": {
    "template": 5,
    "instrument_name": "Sickle scaler",
    "sort_order": 26
  }
},
{
  "model": "cssd.cssdtemplateitem",
  "pk": 111,
  "fields": {
    "template": 5,
    "instrument_name": "x-ray holders",
    "sort_order": 27
  }
},
{
  "model": "cssd.cssdtemplateitem",
  "pk": 112,
  "fields": {
    "template": 5,
    "instrument_name": "Perio probe set",
    "sort_order": 28
  }
},
{
  "model": "cssd.cssdtemplateitem",
  "pk": 113,
  "fields": {
    "template": 5,
    "instrument_name": "Tray 6",
    "sort_order": 29
  }
},
{
  "model": "cssd.cssdtemplateitem",
  "pk": 114,
  "fields": {
    "template": 5,
    "instrument_name": "Scissors",
    "sort_order": 30
  }
},
{
  "model": "cssd.cssdtemplateitem",
  "pk": 115,
  "fields": {
    "template": 5,
    "instrument_name": "Inraoral mirrors",
    "sort_order": 31
  }
},
{
  "model": "cssd.cssdtemplateitem",
  "pk": 116,
  "fields": {
    "template": 5,
    "instrument_name": "Straight handpiece",
    "sort_order": 32
  }
},
{
  "model": "cssd.cssdtemplateitem",
  "pk": 117,
  "fields": {
    "template": 3,
    "instrument_name": "Tray 1",
    "sort_order": 1
  }
},
{
  "model": "cssd.cssdtemplateitem",
  "pk": 118,
  "fields": {
    "template": 3,
    "instrument_name": "Metal Syringe",
    "sort_order": 2
  }
},
{
  "model": "cssd.cssdtemplateitem",
  "pk": 119,
  "fields": {
    "template": 3,
    "instrument_name": "High Volume Suction",
    "sort_order": 3
  }
},
{
  "model": "cssd.cssdtemplateitem",
  "pk": 120,
  "fields": {
    "template": 3,
    "instrument_name": "Surgical Burs",
    "sort_order": 4
  }
},
{
  "model": "cssd.cssdtemplateitem",
  "pk": 121,
  "fields": {
    "template": 3,
    "instrument_name": "High Speed",
    "sort_order": 5
  }
},
{
  "model": "cssd.cssdtemplateitem",
  "pk": 122,
  "fields": {
    "template": 3,
    "instrument_name": "Coupling",
    "sort_order": 6
  }
},
{
  "model": "cssd.cssdtemplateitem",
  "pk": 123,
  "fields": {
    "template": 3,
    "instrument_name": "Needle Holder",
    "sort_order": 7
  }
},
{
  "model": "cssd.cssdtemplateitem",
  "pk": 124,
  "fields": {
    "template": 3,
    "instrument_name": "Blade Holder",
    "sort_order": 8
  }
},
{
  "model": "cssd.cssdtemplateitem",
  "pk": 125,
  "fields": {
    "template": 3,
    "instrument_name": "Bone File",
    "sort_order": 9
  }
},
{
  "model": "cssd.cssdtemplateitem",
  "pk": 126,
  "fields": {
    "template": 3,
    "instrument_name": "Bone Currete",
    "sort_order": 10
  }
},
{
  "model": "cssd.cssdtemplateitem",
  "pk": 127,
  "fields": {
    "template": 3,
    "instrument_name": "Bone Rongeur",
    "sort_order": 11
  }
},
{
  "model": "cssd.cssdtemplateitem",
  "pk": 128,
  "fields": {
    "template": 3,
    "instrument_name": "Kelly Straight",
    "sort_order": 12
  }
},
{
  "model": "cssd.cssdtemplateitem",
  "pk": 129,
  "fields": {
    "template": 3,
    "instrument_name": "Kelly Curve",
    "sort_order": 13
  }
},
{
  "model": "cssd.cssdtemplateitem",
  "pk": 130,
  "fields": {
    "template": 3,
    "instrument_name": "Allis",
    "sort_order": 14
  }
},
{
  "model": "cssd.cssdtemplateitem",
  "pk": 131,
  "fields": {
    "template": 3,
    "instrument_name": "Mallet",
    "sort_order": 15
  }
},
{
  "model": "cssd.cssdtemplateitem",
  "pk": 132,
  "fields": {
    "template": 3,
    "instrument_name": "Tissue Forcep",
    "sort_order": 16
  }
},
{
  "model": "cssd.cssdtemplateitem",
  "pk": 133,
  "fields": {
    "template": 3,
    "instrument_name": "Scissors",
    "sort_order": 17
  }
},
{
  "model": "cssd.cssdtemplateitem",
  "pk": 134,
  "fields": {
    "template": 3,
    "instrument_name": "Kidney Basin",
    "sort_order": 18
  }
},
{
  "model": "cssd.cssdtemplateitem",
  "pk": 135,
  "fields": {
    "template": 3,
    "instrument_name": "Upper Anterior",
    "sort_order": 19
  }
},
{
  "model": "cssd.cssdtemplateitem",
  "pk": 136,
  "fields": {
    "template": 3,
    "instrument_name": "Upper Premolar",
    "sort_order": 20
  }
},
{
  "model": "cssd.cssdtemplateitem",
  "pk": 137,
  "fields": {
    "template": 3,
    "instrument_name": "Upper Right Molar",
    "sort_order": 21
  }
},
{
  "model": "cssd.cssdtemplateitem",
  "pk": 138,
  "fields": {
    "template": 3,
    "instrument_name": "Upper Left Molar",
    "sort_order": 22
  }
},
{
  "model": "cssd.cssdtemplateitem",
  "pk": 139,
  "fields": {
    "template": 3,
    "instrument_name": "Upper Remaining Root",
    "sort_order": 23
  }
},
{
  "model": "cssd.cssdtemplateitem",
  "pk": 140,
  "fields": {
    "template": 3,
    "instrument_name": "Upper 3rd Molar (Jockey)",
    "sort_order": 24
  }
},
{
  "model": "cssd.cssdtemplateitem",
  "pk": 141,
  "fields": {
    "template": 3,
    "instrument_name": "Lower Anterior",
    "sort_order": 25
  }
},
{
  "model": "cssd.cssdtemplateitem",
  "pk": 142,
  "fields": {
    "template": 3,
    "instrument_name": "Lower Premolar",
    "sort_order": 26
  }
},
{
  "model": "cssd.cssdtemplateitem",
  "pk": 143,
  "fields": {
    "template": 3,
    "instrument_name": "Lower Molar",
    "sort_order": 27
  }
},
{
  "model": "cssd.cssdtemplateitem",
  "pk": 144,
  "fields": {
    "template": 3,
    "instrument_name": "Lower Remaining Root",
    "sort_order": 28
  }
},
{
  "model": "cssd.cssdtemplateitem",
  "pk": 145,
  "fields": {
    "template": 3,
    "instrument_name": "Straight Elevator",
    "sort_order": 29
  }
},
{
  "model": "cssd.cssdtemplateitem",
  "pk": 146,
  "fields": {
    "template": 3,
    "instrument_name": "Periostal Elevator",
    "sort_order": 30
  }
},
{
  "model": "cssd.cssdtemplateitem",
  "pk": 147,
  "fields": {
    "template": 3,
    "instrument_name": "Coupland",
    "sort_order": 31
  }
},
{
  "model": "cssd.cssdtemplateitem",
  "pk": 148,
  "fields": {
    "template": 3,
    "instrument_name": "Apexo Sharp Straight",
    "sort_order": 32
  }
},
{
  "model": "cssd.cssdtemplateitem",
  "pk": 149,
  "fields": {
    "template": 3,
    "instrument_name": "Apexo Sharp Right",
    "sort_order": 33
  }
},
{
  "model": "cssd.cssdtemplateitem",
  "pk": 150,
  "fields": {
    "template": 3,
    "instrument_name": "Apexo Sharp Left",
    "sort_order": 34
  }
},
{
  "model": "cssd.cssdtemplateitem",
  "pk": 151,
  "fields": {
    "template": 3,
    "instrument_name": "Apexo Blunt Straight",
    "sort_order": 35
  }
},
{
  "model": "cssd.cssdtemplateitem",
  "pk": 152,
  "fields": {
    "template": 3,
    "instrument_name": "Apexo Blunt Right",
    "sort_order": 36
  }
},
{
  "model": "cssd.cssdtemplateitem",
  "pk": 153,
  "fields": {
    "template": 3,
    "instrument_name": "Apexo Blunt Left",
    "sort_order": 37
  }
},
{
  "model": "cssd.cssdtemplateitem",
  "pk": 154,
  "fields": {
    "template": 3,
    "instrument_name": "Apexo Modified Straight",
    "sort_order": 38
  }
},
{
  "model": "cssd.cssdtemplateitem",
  "pk": 155,
  "fields": {
    "template": 3,
    "instrument_name": "Apexo Modified Right",
    "sort_order": 39
  }
},
{
  "model": "cssd.cssdtemplateitem",
  "pk": 156,
  "fields": {
    "template": 3,
    "instrument_name": "Apexo Modified Left",
    "sort_order": 40
  }
},
{
  "model": "cssd.cssdtemplateitem",
  "pk": 157,
  "fields": {
    "template": 3,
    "instrument_name": "Warwick James Straight",
    "sort_order": 41
  }
},
{
  "model": "cssd.cssdtemplateitem",
  "pk": 158,
  "fields": {
    "template": 3,
    "instrument_name": "Warwick James Right",
    "sort_order": 42
  }
},
{
  "model": "cssd.cssdtemplateitem",
  "pk": 159,
  "fields": {
    "template": 3,
    "instrument_name": "Warwick James Left",
    "sort_order": 43
  }
},
{
  "model": "cssd.cssdtemplateitem",
  "pk": 160,
  "fields": {
    "template": 3,
    "instrument_name": "Cryer Right",
    "sort_order": 44
  }
},
{
  "model": "cssd.cssdtemplateitem",
  "pk": 161,
  "fields": {
    "template": 3,
    "instrument_name": "Cryer Left",
    "sort_order": 45
  }
},
{
  "model": "cssd.cssdtemplateitem",
  "pk": 162,
  "fields": {
    "template": 3,
    "instrument_name": "Cross Bar Right",
    "sort_order": 46
  }
},
{
  "model": "cssd.cssdtemplateitem",
  "pk": 163,
  "fields": {
    "template": 3,
    "instrument_name": "Cross Bar Left",
    "sort_order": 47
  }
},
{
  "model": "cssd.cssdtemplateitem",
  "pk": 164,
  "fields": {
    "template": 3,
    "instrument_name": "Miller Right",
    "sort_order": 48
  }
},
{
  "model": "cssd.cssdtemplateitem",
  "pk": 165,
  "fields": {
    "template": 3,
    "instrument_name": "Miller Left",
    "sort_order": 49
  }
},
{
  "model": "cssd.cssdtemplateitem",
  "pk": 166,
  "fields": {
    "template": 3,
    "instrument_name": "Minnesota",
    "sort_order": 50
  }
},
{
  "model": "cssd.cssdtemplateitem",
  "pk": 167,
  "fields": {
    "template": 3,
    "instrument_name": "Seldin",
    "sort_order": 51
  }
},
{
  "model": "cssd.cssdtemplateitem",
  "pk": 168,
  "fields": {
    "template": 3,
    "instrument_name": "Langen",
    "sort_order": 52
  }
},
{
  "model": "cssd.cssdtemplateitem",
  "pk": 169,
  "fields": {
    "template": 3,
    "instrument_name": "Weider",
    "sort_order": 53
  }
},
{
  "model": "cssd.cssdtemplateitem",
  "pk": 170,
  "fields": {
    "template": 3,
    "instrument_name": "PEDO FORCEPS - Upper Anterior",
    "sort_order": 54
  }
},
{
  "model": "cssd.cssdtemplateitem",
  "pk": 171,
  "fields": {
    "template": 3,
    "instrument_name": "PEDO FORCEPS - Upper Premolar",
    "sort_order": 55
  }
},
{
  "model": "cssd.cssdtemplateitem",
  "pk": 172,
  "fields": {
    "template": 3,
    "instrument_name": "PEDO FORCEPS - Upper Right Molar",
    "sort_order": 56
  }
},
{
  "model": "cssd.cssdtemplateitem",
  "pk": 173,
  "fields": {
    "template": 3,
    "instrument_name": "PEDO FORCEPS - Upper Left Molar",
    "sort_order": 57
  }
},
{
  "model": "cssd.cssdtemplateitem",
  "pk": 174,
  "fields": {
    "template": 3,
    "instrument_name": "PEDO FORCEPS - Lower Anterior",
    "sort_order": 58
  }
},
{
  "model": "cssd.cssdtemplateitem",
  "pk": 175,
  "fields": {
    "template": 3,
    "instrument_name": "PEDO FORCEPS - Lower Premolar",
    "sort_order": 59
  }
},
{
  "model": "cssd.cssdtemplateitem",
  "pk": 176,
  "fields": {
    "template": 3,
    "instrument_name": "PEDO FORCEPS - Lower Molar",
    "sort_order": 60
  }
},
{
  "model": "cssd.cssdtemplateitem",
  "pk": 177,
  "fields": {
    "template": 2,
    "instrument_name": "Tray 1",
    "sort_order": 1
  }
},
{
  "model": "cssd.cssdtemplateitem",
  "pk": 178,
  "fields": {
    "template": 2,
    "instrument_name": "Tray 2",
    "sort_order": 2
  }
},
{
  "model": "cssd.cssdtemplateitem",
  "pk": 179,
  "fields": {
    "template": 2,
    "instrument_name": "TRAY3",
    "sort_order": 3
  }
},
{
  "model": "cssd.cssdtemplateitem",
  "pk": 180,
  "fields": {
    "template": 2,
    "instrument_name": "TRAY 6",
    "sort_order": 4
  }
},
{
  "model": "cssd.cssdtemplateitem",
  "pk": 181,
  "fields": {
    "template": 2,
    "instrument_name": "PERIO PROP",
    "sort_order": 5
  }
},
{
  "model": "cssd.cssdtemplateitem",
  "pk": 182,
  "fields": {
    "template": 2,
    "instrument_name": "Supra",
    "sort_order": 6
  }
},
{
  "model": "cssd.cssdtemplateitem",
  "pk": 183,
  "fields": {
    "template": 2,
    "instrument_name": "Syringe",
    "sort_order": 7
  }
},
{
  "model": "cssd.cssdtemplateitem",
  "pk": 184,
  "fields": {
    "template": 2,
    "instrument_name": "3 Way Syringe",
    "sort_order": 8
  }
},
{
  "model": "cssd.cssdtemplateitem",
  "pk": 185,
  "fields": {
    "template": 2,
    "instrument_name": "High Speed",
    "sort_order": 9
  }
},
{
  "model": "cssd.cssdtemplateitem",
  "pk": 186,
  "fields": {
    "template": 2,
    "instrument_name": "Low Speed",
    "sort_order": 10
  }
},
{
  "model": "cssd.cssdtemplateitem",
  "pk": 187,
  "fields": {
    "template": 2,
    "instrument_name": "Straight Handpiece",
    "sort_order": 11
  }
},
{
  "model": "cssd.cssdtemplateitem",
  "pk": 188,
  "fields": {
    "template": 2,
    "instrument_name": "Acrylic Bur",
    "sort_order": 12
  }
},
{
  "model": "cssd.cssdtemplateitem",
  "pk": 189,
  "fields": {
    "template": 2,
    "instrument_name": "Coupling",
    "sort_order": 13
  }
},
{
  "model": "cssd.cssdtemplateitem",
  "pk": 190,
  "fields": {
    "template": 2,
    "instrument_name": "Light cure tip",
    "sort_order": 14
  }
},
{
  "model": "cssd.cssdtemplateitem",
  "pk": 191,
  "fields": {
    "template": 2,
    "instrument_name": "Excavator",
    "sort_order": 15
  }
},
{
  "model": "cssd.cssdtemplateitem",
  "pk": 192,
  "fields": {
    "template": 2,
    "instrument_name": "Spatula Small",
    "sort_order": 16
  }
},
{
  "model": "cssd.cssdtemplateitem",
  "pk": 193,
  "fields": {
    "template": 2,
    "instrument_name": "Mandrill",
    "sort_order": 17
  }
},
{
  "model": "cssd.cssdtemplateitem",
  "pk": 194,
  "fields": {
    "template": 2,
    "instrument_name": "Matrix Holder",
    "sort_order": 18
  }
},
{
  "model": "cssd.cssdtemplateitem",
  "pk": 195,
  "fields": {
    "template": 2,
    "instrument_name": "Automatrix Plier Set",
    "sort_order": 19
  }
},
{
  "model": "cssd.cssdtemplateitem",
  "pk": 196,
  "fields": {
    "template": 2,
    "instrument_name": "Applicator",
    "sort_order": 20
  }
},
{
  "model": "cssd.cssdtemplateitem",
  "pk": 197,
  "fields": {
    "template": 2,
    "instrument_name": "Scaler Key with cover",
    "sort_order": 21
  }
},
{
  "model": "cssd.cssdtemplateitem",
  "pk": 198,
  "fields": {
    "template": 2,
    "instrument_name": "Scaler Tip",
    "sort_order": 22
  }
},
{
  "model": "cssd.cssdtemplateitem",
  "pk": 199,
  "fields": {
    "template": 2,
    "instrument_name": "Apex Locator (Wire+Tip)",
    "sort_order": 23
  }
},
{
  "model": "cssd.cssdtemplateitem",
  "pk": 200,
  "fields": {
    "template": 2,
    "instrument_name": "Rotary Head",
    "sort_order": 24
  }
},
{
  "model": "cssd.cssdtemplateitem",
  "pk": 201,
  "fields": {
    "template": 2,
    "instrument_name": "Pulp Test(Wire+Tip)",
    "sort_order": 25
  }
},
{
  "model": "cssd.cssdtemplateitem",
  "pk": 202,
  "fields": {
    "template": 2,
    "instrument_name": "Endo Ruler",
    "sort_order": 26
  }
},
{
  "model": "cssd.cssdtemplateitem",
  "pk": 203,
  "fields": {
    "template": 2,
    "instrument_name": "Condenser",
    "sort_order": 27
  }
},
{
  "model": "cssd.cssdtemplateitem",
  "pk": 204,
  "fields": {
    "template": 2,
    "instrument_name": "Plugger",
    "sort_order": 28
  }
},
{
  "model": "cssd.cssdtemplateitem",
  "pk": 205,
  "fields": {
    "template": 2,
    "instrument_name": "Blade Holder",
    "sort_order": 29
  }
},
{
  "model": "cssd.cssdtemplateitem",
  "pk": 206,
  "fields": {
    "template": 2,
    "instrument_name": "Needle Holder",
    "sort_order": 30
  }
},
{
  "model": "cssd.cssdtemplateitem",
  "pk": 207,
  "fields": {
    "template": 2,
    "instrument_name": "Plastic ruler",
    "sort_order": 31
  }
},
{
  "model": "cssd.cssdtemplateitem",
  "pk": 208,
  "fields": {
    "template": 2,
    "instrument_name": "Black Ring",
    "sort_order": 32
  }
},
{
  "model": "cssd.cssdtemplateitem",
  "pk": 209,
  "fields": {
    "template": 2,
    "instrument_name": "Posterior Bar",
    "sort_order": 33
  }
},
{
  "model": "cssd.cssdtemplateitem",
  "pk": 210,
  "fields": {
    "template": 2,
    "instrument_name": "Bitewing Bar",
    "sort_order": 34
  }
},
{
  "model": "cssd.cssdtemplateitem",
  "pk": 211,
  "fields": {
    "template": 2,
    "instrument_name": "Endo Bar",
    "sort_order": 35
  }
},
{
  "model": "cssd.cssdtemplateitem",
  "pk": 212,
  "fields": {
    "template": 2,
    "instrument_name": "Yellow Holder",
    "sort_order": 36
  }
},
{
  "model": "cssd.cssdtemplateitem",
  "pk": 213,
  "fields": {
    "template": 2,
    "instrument_name": "Blue Holder",
    "sort_order": 37
  }
},
{
  "model": "cssd.cssdtemplateitem",
  "pk": 214,
  "fields": {
    "template": 2,
    "instrument_name": "Red Holder",
    "sort_order": 38
  }
},
{
  "model": "cssd.cssdtemplateitem",
  "pk": 215,
  "fields": {
    "template": 2,
    "instrument_name": "Green Holder",
    "sort_order": 39
  }
},
{
  "model": "cssd.cssdtemplateitem",
  "pk": 216,
  "fields": {
    "template": 2,
    "instrument_name": "Pedo Frame",
    "sort_order": 40
  }
},
{
  "model": "cssd.cssdtemplateitem",
  "pk": 217,
  "fields": {
    "template": 2,
    "instrument_name": "Caliper(curve &straight)",
    "sort_order": 41
  }
},
{
  "model": "cssd.cssdtemplateitem",
  "pk": 218,
  "fields": {
    "template": 2,
    "instrument_name": "Crown Removal",
    "sort_order": 42
  }
},
{
  "model": "cssd.cssdtemplateitem",
  "pk": 219,
  "fields": {
    "template": 2,
    "instrument_name": "PLIERS",
    "sort_order": 43
  }
},
{
  "model": "cssd.cssdtemplateitem",
  "pk": 220,
  "fields": {
    "template": 2,
    "instrument_name": "Mouth Prop",
    "sort_order": 44
  }
},
{
  "model": "cssd.cssdtemplateitem",
  "pk": 221,
  "fields": {
    "template": 2,
    "instrument_name": "Gold Instrument",
    "sort_order": 45
  }
},
{
  "model": "cssd.cssdtemplateitem",
  "pk": 222,
  "fields": {
    "template": 2,
    "instrument_name": "Dycal Applicator",
    "sort_order": 46
  }
},
{
  "model": "cssd.cssdtemplateitem",
  "pk": 223,
  "fields": {
    "template": 2,
    "instrument_name": "Template",
    "sort_order": 47
  }
},
{
  "model": "cssd.cssdtemplateitem",
  "pk": 224,
  "fields": {
    "template": 2,
    "instrument_name": "Scissors",
    "sort_order": 48
  }
},
{
  "model": "cssd.cssdtemplateitem",
  "pk": 225,
  "fields": {
    "template": 2,
    "instrument_name": "Intra Oral Mirror",
    "sort_order": 49
  }
},
{
  "model": "cssd.cssdtemplateitem",
  "pk": 226,
  "fields": {
    "template": 2,
    "instrument_name": "Cheek Retractor",
    "sort_order": 50
  }
},
{
  "model": "cssd.cssdtemplateitem",
  "pk": 227,
  "fields": {
    "template": 2,
    "instrument_name": "Gun",
    "sort_order": 51
  }
},
{
  "model": "cssd.cssdtemplateitem",
  "pk": 228,
  "fields": {
    "template": 2,
    "instrument_name": "White Drill",
    "sort_order": 52
  }
},
{
  "model": "cssd.cssdtemplateitem",
  "pk": 229,
  "fields": {
    "template": 2,
    "instrument_name": "Yellow Drill",
    "sort_order": 53
  }
},
{
  "model": "cssd.cssdtemplateitem",
  "pk": 230,
  "fields": {
    "template": 2,
    "instrument_name": "Red Drill",
    "sort_order": 54
  }
},
{
  "model": "cssd.cssdtemplateitem",
  "pk": 231,
  "fields": {
    "template": 2,
    "instrument_name": "Blue Drill",
    "sort_order": 55
  }
},
{
  "model": "cssd.cssdtemplateitem",
  "pk": 232,
  "fields": {
    "template": 2,
    "instrument_name": "Rubber Bowl",
    "sort_order": 56
  }
},
{
  "model": "cssd.cssdtemplateitem",
  "pk": 233,
  "fields": {
    "template": 2,
    "instrument_name": "Spatula Big (metal&plastic)",
    "sort_order": 57
  }
},
{
  "model": "cssd.cssdtemplateitem",
  "pk": 234,
  "fields": {
    "template": 2,
    "instrument_name": "Wax Knife",
    "sort_order": 58
  }
},
{
  "model": "cssd.cssdtemplateitem",
  "pk": 235,
  "fields": {
    "template": 2,
    "instrument_name": "Wax Carver",
    "sort_order": 59
  }
},
{
  "model": "cssd.cssdtemplateitem",
  "pk": 236,
  "fields": {
    "template": 2,
    "instrument_name": "Glass Slab",
    "sort_order": 60
  }
},
{
  "model": "cssd.cssdtemplateitem",
  "pk": 237,
  "fields": {
    "template": 2,
    "instrument_name": "Basbosa Knife",
    "sort_order": 61
  }
},
{
  "model": "cssd.cssdrequest",
  "pk": 22,
  "fields": {
    "location": 9,
    "procedure": "",
    "status": "CLOSED",
    "created_by": 1,
    "created_at": "2026-05-29T18:14:26.776Z",
    "received_by": 1,
    "received_at": "2026-05-29T18:14:40.825Z",
    "returned_by": 1,
    "returned_at": "2026-05-29T18:15:36.942Z",
    "closed_by": 1,
    "closed_at": "2026-05-29T18:15:42.899Z"
  }
},
{
  "model": "cssd.cssdrequest",
  "pk": 23,
  "fields": {
    "location": 9,
    "procedure": "",
    "status": "CLOSED",
    "created_by": 6,
    "created_at": "2026-05-29T18:40:00.997Z",
    "received_by": 5,
    "received_at": "2026-05-29T18:41:23.568Z",
    "returned_by": 5,
    "returned_at": "2026-05-29T18:41:35.335Z",
    "closed_by": 6,
    "closed_at": "2026-05-29T18:42:05.592Z"
  }
},
{
  "model": "cssd.cssdrequest",
  "pk": 24,
  "fields": {
    "location": 1,
    "procedure": "",
    "status": "CLOSED",
    "created_by": 7,
    "created_at": "2026-06-01T12:24:20.095Z",
    "received_by": 12,
    "received_at": "2026-06-01T12:24:56.978Z",
    "returned_by": 12,
    "returned_at": "2026-06-01T12:25:08.707Z",
    "closed_by": 7,
    "closed_at": "2026-06-01T12:25:41.402Z"
  }
},
{
  "model": "cssd.cssdrequest",
  "pk": 25,
  "fields": {
    "location": 1,
    "procedure": "äÍĘÇĚĺÇ ČÓŃÚĺ ",
    "status": "CLOSED",
    "created_by": 7,
    "created_at": "2026-06-01T12:40:42.821Z",
    "received_by": 12,
    "received_at": "2026-06-01T12:42:08.848Z",
    "returned_by": 12,
    "returned_at": "2026-06-01T12:42:38.687Z",
    "closed_by": 7,
    "closed_at": "2026-06-01T12:43:28.003Z"
  }
},
{
  "model": "cssd.cssdrequest",
  "pk": 26,
  "fields": {
    "location": 1,
    "procedure": "",
    "status": "CLOSED",
    "created_by": 7,
    "created_at": "2026-06-06T18:26:37.857Z",
    "received_by": 12,
    "received_at": "2026-06-07T11:17:25.158Z",
    "returned_by": 12,
    "returned_at": "2026-06-07T11:18:02.089Z",
    "closed_by": 7,
    "closed_at": "2026-06-07T11:18:21.070Z"
  }
},
{
  "model": "cssd.cssdrequest",
  "pk": 27,
  "fields": {
    "location": 1,
    "procedure": "",
    "status": "SENT_TO_CSSD",
    "created_by": 17,
    "created_at": "2026-06-17T00:51:16.828Z",
    "received_by": null,
    "received_at": null,
    "returned_by": null,
    "returned_at": null,
    "closed_by": null,
    "closed_at": null
  }
},
{
  "model": "cssd.cssdrequest",
  "pk": 28,
  "fields": {
    "location": 1,
    "procedure": "",
    "status": "SENT_TO_CSSD",
    "created_by": 7,
    "created_at": "2026-06-17T00:52:05.763Z",
    "received_by": null,
    "received_at": null,
    "returned_by": null,
    "returned_at": null,
    "closed_by": null,
    "closed_at": null
  }
},
{
  "model": "cssd.cssdrequesttemplate",
  "pk": 20,
  "fields": {
    "cssd_request": 22,
    "template": 5
  }
},
{
  "model": "cssd.cssdrequesttemplate",
  "pk": 21,
  "fields": {
    "cssd_request": 22,
    "template": 1
  }
},
{
  "model": "cssd.cssdrequesttemplate",
  "pk": 22,
  "fields": {
    "cssd_request": 25,
    "template": 4
  }
},
{
  "model": "cssd.cssdrequesttemplate",
  "pk": 23,
  "fields": {
    "cssd_request": 25,
    "template": 3
  }
},
{
  "model": "cssd.cssdrequesttemplate",
  "pk": 24,
  "fields": {
    "cssd_request": 26,
    "template": 1
  }
},
{
  "model": "cssd.cssdrequesttemplate",
  "pk": 25,
  "fields": {
    "cssd_request": 27,
    "template": 4
  }
},
{
  "model": "cssd.cssdrequesttemplate",
  "pk": 26,
  "fields": {
    "cssd_request": 28,
    "template": 1
  }
},
{
  "model": "cssd.cssdrequestitem",
  "pk": 38,
  "fields": {
    "cssd_request": 22,
    "cssd_request_template": 20,
    "instrument_name": "METAL SYRING",
    "quantity_sent": 3,
    "quantity_received_by_cssd": 3,
    "quantity_returned": 3,
    "quantity_received_by_clinic": 0,
    "clinic_comment": "",
    "remarks": "",
    "is_manual": false
  }
},
{
  "model": "cssd.cssdrequestitem",
  "pk": 39,
  "fields": {
    "cssd_request": 22,
    "cssd_request_template": 20,
    "instrument_name": "Surgical forceps",
    "quantity_sent": 3,
    "quantity_received_by_cssd": 3,
    "quantity_returned": 3,
    "quantity_received_by_clinic": 0,
    "clinic_comment": "",
    "remarks": "",
    "is_manual": false
  }
},
{
  "model": "cssd.cssdrequestitem",
  "pk": 40,
  "fields": {
    "cssd_request": 22,
    "cssd_request_template": 21,
    "instrument_name": "Tray 2",
    "quantity_sent": 2,
    "quantity_received_by_cssd": 2,
    "quantity_returned": 2,
    "quantity_received_by_clinic": 0,
    "clinic_comment": "",
    "remarks": "",
    "is_manual": false
  }
},
{
  "model": "cssd.cssdrequestitem",
  "pk": 41,
  "fields": {
    "cssd_request": 22,
    "cssd_request_template": 21,
    "instrument_name": "Tray 3",
    "quantity_sent": 4,
    "quantity_received_by_cssd": 4,
    "quantity_returned": 4,
    "quantity_received_by_clinic": 0,
    "clinic_comment": "",
    "remarks": "",
    "is_manual": false
  }
},
{
  "model": "cssd.cssdrequestitem",
  "pk": 42,
  "fields": {
    "cssd_request": 22,
    "cssd_request_template": 21,
    "instrument_name": "Sickle Scaler",
    "quantity_sent": 6,
    "quantity_received_by_cssd": 6,
    "quantity_returned": 6,
    "quantity_received_by_clinic": 0,
    "clinic_comment": "",
    "remarks": "",
    "is_manual": false
  }
},
{
  "model": "cssd.cssdrequestitem",
  "pk": 43,
  "fields": {
    "cssd_request": 22,
    "cssd_request_template": 21,
    "instrument_name": "3 Way Syringe",
    "quantity_sent": 1,
    "quantity_received_by_cssd": 1,
    "quantity_returned": 1,
    "quantity_received_by_clinic": 0,
    "clinic_comment": "",
    "remarks": "",
    "is_manual": false
  }
},
{
  "model": "cssd.cssdrequestitem",
  "pk": 44,
  "fields": {
    "cssd_request": 22,
    "cssd_request_template": null,
    "instrument_name": "K FILE",
    "quantity_sent": 1,
    "quantity_received_by_cssd": 1,
    "quantity_returned": 1,
    "quantity_received_by_clinic": 0,
    "clinic_comment": "",
    "remarks": "",
    "is_manual": true
  }
},
{
  "model": "cssd.cssdrequestitem",
  "pk": 45,
  "fields": {
    "cssd_request": 23,
    "cssd_request_template": null,
    "instrument_name": "K FILE",
    "quantity_sent": 7,
    "quantity_received_by_cssd": 5,
    "quantity_returned": 5,
    "quantity_received_by_clinic": 0,
    "clinic_comment": "",
    "remarks": "",
    "is_manual": true
  }
},
{
  "model": "cssd.cssdrequestitem",
  "pk": 46,
  "fields": {
    "cssd_request": 24,
    "cssd_request_template": null,
    "instrument_name": "ss",
    "quantity_sent": 2,
    "quantity_received_by_cssd": 2,
    "quantity_returned": 2,
    "quantity_received_by_clinic": 0,
    "clinic_comment": "",
    "remarks": "",
    "is_manual": true
  }
},
{
  "model": "cssd.cssdrequestitem",
  "pk": 47,
  "fields": {
    "cssd_request": 25,
    "cssd_request_template": 22,
    "instrument_name": "EXCAVITOR",
    "quantity_sent": 7,
    "quantity_received_by_cssd": 6,
    "quantity_returned": 6,
    "quantity_received_by_clinic": 0,
    "clinic_comment": "",
    "remarks": "1 damage",
    "is_manual": false
  }
},
{
  "model": "cssd.cssdrequestitem",
  "pk": 48,
  "fields": {
    "cssd_request": 25,
    "cssd_request_template": 22,
    "instrument_name": "PLUGGER",
    "quantity_sent": 1,
    "quantity_received_by_cssd": 1,
    "quantity_returned": 1,
    "quantity_received_by_clinic": 0,
    "clinic_comment": "",
    "remarks": "",
    "is_manual": false
  }
},
{
  "model": "cssd.cssdrequestitem",
  "pk": 49,
  "fields": {
    "cssd_request": 25,
    "cssd_request_template": 23,
    "instrument_name": "Bone Rongeur",
    "quantity_sent": 5,
    "quantity_received_by_cssd": 5,
    "quantity_returned": 5,
    "quantity_received_by_clinic": 0,
    "clinic_comment": "",
    "remarks": "",
    "is_manual": false
  }
},
{
  "model": "cssd.cssdrequestitem",
  "pk": 50,
  "fields": {
    "cssd_request": 25,
    "cssd_request_template": null,
    "instrument_name": "ÇĘ",
    "quantity_sent": 4,
    "quantity_received_by_cssd": 4,
    "quantity_returned": 4,
    "quantity_received_by_clinic": 0,
    "clinic_comment": "",
    "remarks": "",
    "is_manual": true
  }
},
{
  "model": "cssd.cssdrequestitem",
  "pk": 51,
  "fields": {
    "cssd_request": 26,
    "cssd_request_template": 24,
    "instrument_name": "Tray 1",
    "quantity_sent": 4,
    "quantity_received_by_cssd": 4,
    "quantity_returned": 4,
    "quantity_received_by_clinic": 0,
    "clinic_comment": "",
    "remarks": "",
    "is_manual": false
  }
},
{
  "model": "cssd.cssdrequestitem",
  "pk": 52,
  "fields": {
    "cssd_request": 27,
    "cssd_request_template": 25,
    "instrument_name": "ENDO RULER",
    "quantity_sent": 2,
    "quantity_received_by_cssd": 0,
    "quantity_returned": 0,
    "quantity_received_by_clinic": 0,
    "clinic_comment": "",
    "remarks": "",
    "is_manual": false
  }
},
{
  "model": "cssd.cssdrequestitem",
  "pk": 53,
  "fields": {
    "cssd_request": 28,
    "cssd_request_template": 26,
    "instrument_name": "Tray 1",
    "quantity_sent": 4,
    "quantity_received_by_cssd": 0,
    "quantity_returned": 0,
    "quantity_received_by_clinic": 0,
    "clinic_comment": "",
    "remarks": "",
    "is_manual": false
  }
},
{
  "model": "cssd.notification",
  "pk": 77,
  "fields": {
    "recipient": null,
    "target_group": "CSSD",
    "title": "New CSSD Request",
    "message": "New request from Emergency Clinic 1: Perio, Student",
    "cssd_request": 22,
    "url": "",
    "is_read": true,
    "created_at": "2026-05-29T18:14:27.000Z"
  }
},
{
  "model": "cssd.notification",
  "pk": 78,
  "fields": {
    "recipient": null,
    "target_group": "EMERGENCY",
    "title": "CSSD Received Request",
    "message": "CSSD received request #22",
    "cssd_request": 22,
    "url": "",
    "is_read": true,
    "created_at": "2026-05-29T18:14:40.846Z"
  }
},
{
  "model": "cssd.notification",
  "pk": 79,
  "fields": {
    "recipient": null,
    "target_group": "EMERGENCY",
    "title": "Instruments Returned",
    "message": "CSSD returned request #22 to clinic",
    "cssd_request": 22,
    "url": "",
    "is_read": true,
    "created_at": "2026-05-29T18:15:36.965Z"
  }
},
{
  "model": "cssd.notification",
  "pk": 80,
  "fields": {
    "recipient": null,
    "target_group": "CSSD",
    "title": "Clinic Confirmed Receipt",
    "message": "Clinic confirmed receiving request #22",
    "cssd_request": 22,
    "url": "",
    "is_read": true,
    "created_at": "2026-05-29T18:15:42.937Z"
  }
},
{
  "model": "cssd.notification",
  "pk": 81,
  "fields": {
    "recipient": null,
    "target_group": "CSSD",
    "title": "New CSSD Request",
    "message": "New request from Emergency Clinic 1: ",
    "cssd_request": 23,
    "url": "",
    "is_read": true,
    "created_at": "2026-05-29T18:40:01.079Z"
  }
},
{
  "model": "cssd.notification",
  "pk": 82,
  "fields": {
    "recipient": null,
    "target_group": "EMERGENCY",
    "title": "CSSD Received Request",
    "message": "CSSD received request #23",
    "cssd_request": 23,
    "url": "",
    "is_read": true,
    "created_at": "2026-05-29T18:41:23.592Z"
  }
},
{
  "model": "cssd.notification",
  "pk": 83,
  "fields": {
    "recipient": null,
    "target_group": "EMERGENCY",
    "title": "Instruments Returned",
    "message": "CSSD returned request #23 to clinic",
    "cssd_request": 23,
    "url": "",
    "is_read": true,
    "created_at": "2026-05-29T18:41:35.357Z"
  }
},
{
  "model": "cssd.notification",
  "pk": 84,
  "fields": {
    "recipient": null,
    "target_group": "CSSD",
    "title": "Clinic Confirmed Receipt",
    "message": "Clinic confirmed receiving request #23",
    "cssd_request": 23,
    "url": "",
    "is_read": true,
    "created_at": "2026-05-29T18:42:05.641Z"
  }
},
{
  "model": "cssd.notification",
  "pk": 85,
  "fields": {
    "recipient": null,
    "target_group": "CSSD",
    "title": "New CSSD Request",
    "message": "New request from Male Clinics: ",
    "cssd_request": 24,
    "url": "",
    "is_read": true,
    "created_at": "2026-06-01T12:24:20.160Z"
  }
},
{
  "model": "cssd.notification",
  "pk": 86,
  "fields": {
    "recipient": null,
    "target_group": "MALE",
    "title": "CSSD Received Request",
    "message": "CSSD received request #24",
    "cssd_request": 24,
    "url": "",
    "is_read": true,
    "created_at": "2026-06-01T12:24:46.640Z"
  }
},
{
  "model": "cssd.notification",
  "pk": 87,
  "fields": {
    "recipient": null,
    "target_group": "MALE",
    "title": "CSSD Received Request",
    "message": "CSSD received request #24",
    "cssd_request": 24,
    "url": "",
    "is_read": true,
    "created_at": "2026-06-01T12:24:56.999Z"
  }
},
{
  "model": "cssd.notification",
  "pk": 88,
  "fields": {
    "recipient": null,
    "target_group": "MALE",
    "title": "Instruments Returned",
    "message": "CSSD returned request #24 to clinic",
    "cssd_request": 24,
    "url": "",
    "is_read": true,
    "created_at": "2026-06-01T12:25:08.728Z"
  }
},
{
  "model": "cssd.notification",
  "pk": 89,
  "fields": {
    "recipient": null,
    "target_group": "CSSD",
    "title": "Clinic Confirmed Receipt",
    "message": "Clinic confirmed receiving request #24",
    "cssd_request": 24,
    "url": "",
    "is_read": true,
    "created_at": "2026-06-01T12:25:41.443Z"
  }
},
{
  "model": "cssd.notification",
  "pk": 90,
  "fields": {
    "recipient": null,
    "target_group": "CSSD",
    "title": "New CSSD Request",
    "message": "New request from Male Clinics: Endo, Surgery",
    "cssd_request": 25,
    "url": "",
    "is_read": true,
    "created_at": "2026-06-01T12:40:43.009Z"
  }
},
{
  "model": "cssd.notification",
  "pk": 91,
  "fields": {
    "recipient": null,
    "target_group": "MALE",
    "title": "CSSD Received Request",
    "message": "CSSD received request #25",
    "cssd_request": 25,
    "url": "",
    "is_read": true,
    "created_at": "2026-06-01T12:42:08.865Z"
  }
},
{
  "model": "cssd.notification",
  "pk": 92,
  "fields": {
    "recipient": null,
    "target_group": "MALE",
    "title": "Instruments Returned",
    "message": "CSSD returned request #25 to clinic",
    "cssd_request": 25,
    "url": "",
    "is_read": true,
    "created_at": "2026-06-01T12:42:38.705Z"
  }
},
{
  "model": "cssd.notification",
  "pk": 93,
  "fields": {
    "recipient": null,
    "target_group": "CSSD",
    "title": "Clinic Confirmed Receipt",
    "message": "Clinic confirmed receiving request #25",
    "cssd_request": 25,
    "url": "",
    "is_read": true,
    "created_at": "2026-06-01T12:43:28.033Z"
  }
},
{
  "model": "cssd.notification",
  "pk": 94,
  "fields": {
    "recipient": null,
    "target_group": "ENGINEER",
    "title": "New Maintenance Request",
    "message": "New fault reported for dental unit - Male Clinics",
    "cssd_request": null,
    "url": "",
    "is_read": true,
    "created_at": "2026-06-04T21:22:15.784Z"
  }
},
{
  "model": "cssd.notification",
  "pk": 95,
  "fields": {
    "recipient": null,
    "target_group": "ENGINEER",
    "title": "New Maintenance Request",
    "message": "New fault reported for dental unit - Male Clinics",
    "cssd_request": null,
    "url": "",
    "is_read": true,
    "created_at": "2026-06-04T23:34:47.765Z"
  }
},
{
  "model": "cssd.notification",
  "pk": 96,
  "fields": {
    "recipient": null,
    "target_group": "ENGINEER",
    "title": "New Maintenance Request",
    "message": "New fault reported for dental unit - Male Clinics",
    "cssd_request": null,
    "url": "",
    "is_read": true,
    "created_at": "2026-06-05T00:28:57.834Z"
  }
},
{
  "model": "cssd.notification",
  "pk": 97,
  "fields": {
    "recipient": null,
    "target_group": "ENGINEER",
    "title": "New Maintenance Request",
    "message": "New fault reported for dental unit - Specialty Clinic 1",
    "cssd_request": null,
    "url": "",
    "is_read": true,
    "created_at": "2026-06-05T10:43:09.490Z"
  }
},
{
  "model": "cssd.notification",
  "pk": 98,
  "fields": {
    "recipient": null,
    "target_group": "ENGINEER",
    "title": "New Maintenance Request",
    "message": "New fault reported for dental unit - Specialty Clinic 1",
    "cssd_request": null,
    "url": "",
    "is_read": true,
    "created_at": "2026-06-05T10:48:40.452Z"
  }
},
{
  "model": "cssd.notification",
  "pk": 99,
  "fields": {
    "recipient": null,
    "target_group": "ENGINEER",
    "title": "New Maintenance Request",
    "message": "New fault reported for dental unit - Male Clinics",
    "cssd_request": null,
    "url": "",
    "is_read": true,
    "created_at": "2026-06-05T11:31:52.028Z"
  }
},
{
  "model": "cssd.notification",
  "pk": 100,
  "fields": {
    "recipient": null,
    "target_group": "ENGINEER",
    "title": "New Maintenance Request",
    "message": "New fault reported for dental unit - Male Clinics",
    "cssd_request": null,
    "url": "",
    "is_read": true,
    "created_at": "2026-06-05T12:07:11.230Z"
  }
},
{
  "model": "cssd.notification",
  "pk": 101,
  "fields": {
    "recipient": null,
    "target_group": "ENGINEER",
    "title": "New Maintenance Request",
    "message": "New fault reported for dental unit - Male Clinics",
    "cssd_request": null,
    "url": "",
    "is_read": true,
    "created_at": "2026-06-05T12:14:51.075Z"
  }
},
{
  "model": "cssd.notification",
  "pk": 102,
  "fields": {
    "recipient": null,
    "target_group": "ENGINEER",
    "title": "New Maintenance Request",
    "message": "New fault reported for dental unit - Male Clinics",
    "cssd_request": null,
    "url": "",
    "is_read": true,
    "created_at": "2026-06-05T12:29:51.614Z"
  }
},
{
  "model": "cssd.notification",
  "pk": 103,
  "fields": {
    "recipient": null,
    "target_group": "ENGINEER",
    "title": "New QR Fault Report",
    "message": "New QR fault report for dental unit - Male Clinics",
    "cssd_request": null,
    "url": "",
    "is_read": true,
    "created_at": "2026-06-05T13:06:58.144Z"
  }
},
{
  "model": "cssd.notification",
  "pk": 104,
  "fields": {
    "recipient": null,
    "target_group": "MALE",
    "title": "New Fault Report",
    "message": "New QR fault report for dental unit by Ibrahem",
    "cssd_request": null,
    "url": "",
    "is_read": true,
    "created_at": "2026-06-05T13:06:58.156Z"
  }
},
{
  "model": "cssd.notification",
  "pk": 105,
  "fields": {
    "recipient": null,
    "target_group": "ENGINEER",
    "title": "New QR Fault Report",
    "message": "New QR fault report for dental unit - Male Clinics",
    "cssd_request": null,
    "url": "",
    "is_read": true,
    "created_at": "2026-06-05T15:08:19.031Z"
  }
},
{
  "model": "cssd.notification",
  "pk": 106,
  "fields": {
    "recipient": null,
    "target_group": "MALE",
    "title": "New Fault Report",
    "message": "New QR fault report for dental unit by Hema",
    "cssd_request": null,
    "url": "",
    "is_read": true,
    "created_at": "2026-06-05T15:08:19.043Z"
  }
},
{
  "model": "cssd.notification",
  "pk": 107,
  "fields": {
    "recipient": null,
    "target_group": "ENGINEER",
    "title": "New QR Fault Report",
    "message": "New QR fault report for dental unit - Female Clinics",
    "cssd_request": null,
    "url": "",
    "is_read": true,
    "created_at": "2026-06-05T15:13:56.061Z"
  }
},
{
  "model": "cssd.notification",
  "pk": 108,
  "fields": {
    "recipient": null,
    "target_group": "FEMALE",
    "title": "New Fault Report",
    "message": "New QR fault report for dental unit by Ibrahem kamel",
    "cssd_request": null,
    "url": "",
    "is_read": true,
    "created_at": "2026-06-05T15:13:56.074Z"
  }
},
{
  "model": "cssd.notification",
  "pk": 109,
  "fields": {
    "recipient": null,
    "target_group": "ENGINEER",
    "title": "New QR Fault Report",
    "message": "New QR fault report for dental unit - Male Clinics",
    "cssd_request": null,
    "url": "",
    "is_read": true,
    "created_at": "2026-06-05T15:21:26.550Z"
  }
},
{
  "model": "cssd.notification",
  "pk": 110,
  "fields": {
    "recipient": null,
    "target_group": "MALE",
    "title": "New Fault Report",
    "message": "New QR fault report for dental unit by Ibrahem kamel",
    "cssd_request": null,
    "url": "",
    "is_read": true,
    "created_at": "2026-06-05T15:21:26.562Z"
  }
},
{
  "model": "cssd.notification",
  "pk": 111,
  "fields": {
    "recipient": null,
    "target_group": "ENGINEER",
    "title": "New Maintenance Request",
    "message": "New fault reported for dental unit - Male Clinics",
    "cssd_request": null,
    "url": "",
    "is_read": true,
    "created_at": "2026-06-05T15:32:16.129Z"
  }
},
{
  "model": "cssd.notification",
  "pk": 112,
  "fields": {
    "recipient": null,
    "target_group": "ENGINEER",
    "title": "New Maintenance Request",
    "message": "New fault reported for dental unit - Male Clinics",
    "cssd_request": null,
    "url": "",
    "is_read": true,
    "created_at": "2026-06-05T16:03:20.192Z"
  }
},
{
  "model": "cssd.notification",
  "pk": 113,
  "fields": {
    "recipient": null,
    "target_group": "ENGINEER",
    "title": "New Maintenance Request",
    "message": "New fault reported for dental unit - Male Clinics",
    "cssd_request": null,
    "url": "",
    "is_read": true,
    "created_at": "2026-06-05T16:30:09.124Z"
  }
},
{
  "model": "cssd.notification",
  "pk": 114,
  "fields": {
    "recipient": null,
    "target_group": "ENGINEER",
    "title": "New Maintenance Request",
    "message": "New fault reported for dental unit - Female Clinics",
    "cssd_request": null,
    "url": "",
    "is_read": true,
    "created_at": "2026-06-05T16:54:24.814Z"
  }
},
{
  "model": "cssd.notification",
  "pk": 115,
  "fields": {
    "recipient": null,
    "target_group": "ENGINEER",
    "title": "New Maintenance Request",
    "message": "New fault reported for dental unit - Female Clinics",
    "cssd_request": null,
    "url": "",
    "is_read": true,
    "created_at": "2026-06-05T17:22:47.428Z"
  }
},
{
  "model": "cssd.notification",
  "pk": 116,
  "fields": {
    "recipient": null,
    "target_group": "ENGINEER",
    "title": "New Maintenance Request",
    "message": "New fault reported for dental unit - Male Clinics",
    "cssd_request": null,
    "url": "/maintenance-requests/55/",
    "is_read": true,
    "created_at": "2026-06-06T18:14:59.222Z"
  }
},
{
  "model": "cssd.notification",
  "pk": 117,
  "fields": {
    "recipient": null,
    "target_group": "MALE",
    "title": "Spare Parts Approval Required",
    "message": "Spare parts approval required for dental unit",
    "cssd_request": null,
    "url": "/maintenance-requests/55/",
    "is_read": true,
    "created_at": "2026-06-06T18:15:37.106Z"
  }
},
{
  "model": "cssd.notification",
  "pk": 118,
  "fields": {
    "recipient": null,
    "target_group": "CSSD",
    "title": "New CSSD Request",
    "message": "New request from Male Clinics: Student",
    "cssd_request": 26,
    "url": "/cssd-request/26/",
    "is_read": true,
    "created_at": "2026-06-06T18:26:37.900Z"
  }
},
{
  "model": "cssd.notification",
  "pk": 119,
  "fields": {
    "recipient": null,
    "target_group": "MALE",
    "title": "CSSD Received Request",
    "message": "CSSD received request #26",
    "cssd_request": 26,
    "url": "/cssd-request/26/",
    "is_read": true,
    "created_at": "2026-06-07T11:17:25.184Z"
  }
},
{
  "model": "cssd.notification",
  "pk": 120,
  "fields": {
    "recipient": null,
    "target_group": "MALE",
    "title": "Instruments Returned",
    "message": "CSSD returned request #26 to clinic",
    "cssd_request": 26,
    "url": "/clinic-confirm-details/26/",
    "is_read": true,
    "created_at": "2026-06-07T11:18:02.110Z"
  }
},
{
  "model": "cssd.notification",
  "pk": 121,
  "fields": {
    "recipient": null,
    "target_group": "CSSD",
    "title": "Clinic Confirmed Receipt",
    "message": "Clinic confirmed receiving request #26",
    "cssd_request": 26,
    "url": "",
    "is_read": true,
    "created_at": "2026-06-07T11:18:21.108Z"
  }
},
{
  "model": "cssd.notification",
  "pk": 122,
  "fields": {
    "recipient": null,
    "target_group": "FEMALE",
    "title": "Repair Waiting Confirmation",
    "message": "Repair completed for dental unit. Please confirm.",
    "cssd_request": null,
    "url": "/maintenance-requests/50/",
    "is_read": true,
    "created_at": "2026-06-07T11:41:23.726Z"
  }
},
{
  "model": "cssd.notification",
  "pk": 123,
  "fields": {
    "recipient": null,
    "target_group": "FEMALE",
    "title": "Repair Waiting Confirmation",
    "message": "Repair completed for dental unit. Please confirm.",
    "cssd_request": null,
    "url": "/maintenance-requests/49/",
    "is_read": true,
    "created_at": "2026-06-07T11:42:01.780Z"
  }
},
{
  "model": "cssd.notification",
  "pk": 124,
  "fields": {
    "recipient": null,
    "target_group": "ENGINEER",
    "title": "Repair Confirmed",
    "message": "Clinic confirmed repair for dental unit",
    "cssd_request": null,
    "url": "/maintenance-requests/50/",
    "is_read": true,
    "created_at": "2026-06-07T11:42:24.136Z"
  }
},
{
  "model": "cssd.notification",
  "pk": 125,
  "fields": {
    "recipient": null,
    "target_group": "ENGINEER",
    "title": "Repair Confirmed",
    "message": "Clinic confirmed repair for dental unit",
    "cssd_request": null,
    "url": "/maintenance-requests/49/",
    "is_read": true,
    "created_at": "2026-06-07T11:42:34.642Z"
  }
},
{
  "model": "cssd.notification",
  "pk": 126,
  "fields": {
    "recipient": null,
    "target_group": "ENGINEER",
    "title": "New QR Fault Report",
    "message": "New QR fault report for dental unit C1 - Specialty Clinic 1",
    "cssd_request": null,
    "url": "/maintenance-requests/56/",
    "is_read": true,
    "created_at": "2026-06-07T11:49:54.759Z"
  }
},
{
  "model": "cssd.notification",
  "pk": 127,
  "fields": {
    "recipient": null,
    "target_group": "SPECIALTY",
    "title": "New Fault Report",
    "message": "New QR fault report for dental unit C1 by Ibrahem",
    "cssd_request": null,
    "url": "/maintenance-requests/56/",
    "is_read": true,
    "created_at": "2026-06-07T11:49:54.777Z"
  }
},
{
  "model": "cssd.notification",
  "pk": 128,
  "fields": {
    "recipient": null,
    "target_group": "SPECIALTY",
    "title": "Repair Waiting Confirmation",
    "message": "Repair completed for dental unit C1. Please confirm.",
    "cssd_request": null,
    "url": "/maintenance-requests/56/",
    "is_read": true,
    "created_at": "2026-06-07T11:51:22.093Z"
  }
},
{
  "model": "cssd.notification",
  "pk": 129,
  "fields": {
    "recipient": null,
    "target_group": "ENGINEER",
    "title": "Repair Confirmed",
    "message": "Clinic confirmed repair for dental unit C1",
    "cssd_request": null,
    "url": "/maintenance-requests/56/",
    "is_read": true,
    "created_at": "2026-06-07T11:52:06.806Z"
  }
},
{
  "model": "cssd.notification",
  "pk": 130,
  "fields": {
    "recipient": null,
    "target_group": "MALE",
    "title": "Repair Waiting Confirmation",
    "message": "Repair completed for dental unit. Please confirm.",
    "cssd_request": null,
    "url": "/maintenance-requests/54/",
    "is_read": true,
    "created_at": "2026-06-07T11:57:41.360Z"
  }
},
{
  "model": "cssd.notification",
  "pk": 131,
  "fields": {
    "recipient": null,
    "target_group": "MALE",
    "title": "Repair Waiting Confirmation",
    "message": "Repair completed for dental unit. Please confirm.",
    "cssd_request": null,
    "url": "/maintenance-requests/53/",
    "is_read": true,
    "created_at": "2026-06-07T11:58:00.054Z"
  }
},
{
  "model": "cssd.notification",
  "pk": 132,
  "fields": {
    "recipient": null,
    "target_group": "MALE",
    "title": "Repair Waiting Confirmation",
    "message": "Repair completed for dental unit. Please confirm.",
    "cssd_request": null,
    "url": "/maintenance-requests/52/",
    "is_read": true,
    "created_at": "2026-06-07T11:58:17.571Z"
  }
},
{
  "model": "cssd.notification",
  "pk": 133,
  "fields": {
    "recipient": null,
    "target_group": "MALE",
    "title": "Repair Waiting Confirmation",
    "message": "Repair completed for dental unit. Please confirm.",
    "cssd_request": null,
    "url": "/maintenance-requests/51/",
    "is_read": true,
    "created_at": "2026-06-07T11:58:45.675Z"
  }
},
{
  "model": "cssd.notification",
  "pk": 134,
  "fields": {
    "recipient": null,
    "target_group": "MALE",
    "title": "Repair Waiting Confirmation",
    "message": "Repair completed for dental unit. Please confirm.",
    "cssd_request": null,
    "url": "/maintenance-requests/55/",
    "is_read": true,
    "created_at": "2026-06-07T11:59:07.336Z"
  }
},
{
  "model": "cssd.notification",
  "pk": 135,
  "fields": {
    "recipient": null,
    "target_group": "ENGINEER",
    "title": "Repair Confirmed",
    "message": "Clinic confirmed repair for dental unit",
    "cssd_request": null,
    "url": "/maintenance-requests/55/",
    "is_read": true,
    "created_at": "2026-06-07T11:59:58.350Z"
  }
},
{
  "model": "cssd.notification",
  "pk": 136,
  "fields": {
    "recipient": null,
    "target_group": "ENGINEER",
    "title": "Repair Confirmed",
    "message": "Clinic confirmed repair for dental unit",
    "cssd_request": null,
    "url": "/maintenance-requests/51/",
    "is_read": true,
    "created_at": "2026-06-07T12:00:08.757Z"
  }
},
{
  "model": "cssd.notification",
  "pk": 137,
  "fields": {
    "recipient": null,
    "target_group": "ENGINEER",
    "title": "Repair Confirmed",
    "message": "Clinic confirmed repair for dental unit",
    "cssd_request": null,
    "url": "/maintenance-requests/52/",
    "is_read": true,
    "created_at": "2026-06-07T12:00:23.378Z"
  }
},
{
  "model": "cssd.notification",
  "pk": 138,
  "fields": {
    "recipient": null,
    "target_group": "ENGINEER",
    "title": "Repair Confirmed",
    "message": "Clinic confirmed repair for dental unit",
    "cssd_request": null,
    "url": "/maintenance-requests/53/",
    "is_read": true,
    "created_at": "2026-06-07T12:00:33.923Z"
  }
},
{
  "model": "cssd.notification",
  "pk": 139,
  "fields": {
    "recipient": null,
    "target_group": "ENGINEER",
    "title": "Repair Confirmed",
    "message": "Clinic confirmed repair for dental unit",
    "cssd_request": null,
    "url": "/maintenance-requests/54/",
    "is_read": true,
    "created_at": "2026-06-07T12:00:43.549Z"
  }
},
{
  "model": "cssd.notification",
  "pk": 140,
  "fields": {
    "recipient": null,
    "target_group": "ENGINEER",
    "title": "New QR Fault Report",
    "message": "New QR fault report for dental unit - Male Clinics",
    "cssd_request": null,
    "url": "/maintenance-requests/57/",
    "is_read": true,
    "created_at": "2026-06-07T12:02:20.995Z"
  }
},
{
  "model": "cssd.notification",
  "pk": 141,
  "fields": {
    "recipient": null,
    "target_group": "MALE",
    "title": "New Fault Report",
    "message": "New QR fault report for dental unit by ĘĘÓ",
    "cssd_request": null,
    "url": "/maintenance-requests/57/",
    "is_read": true,
    "created_at": "2026-06-07T12:02:21.012Z"
  }
},
{
  "model": "cssd.notification",
  "pk": 142,
  "fields": {
    "recipient": null,
    "target_group": "MALE",
    "title": "Spare Parts Approval Required",
    "message": "Spare parts approval required for dental unit",
    "cssd_request": null,
    "url": "/maintenance-requests/57/",
    "is_read": true,
    "created_at": "2026-06-07T12:03:58.240Z"
  }
},
{
  "model": "cssd.notification",
  "pk": 143,
  "fields": {
    "recipient": null,
    "target_group": "MALE",
    "title": "Spare Parts Approval Required",
    "message": "Spare parts approval required for dental unit",
    "cssd_request": null,
    "url": "/maintenance-requests/57/",
    "is_read": true,
    "created_at": "2026-06-07T12:05:07.357Z"
  }
},
{
  "model": "cssd.notification",
  "pk": 144,
  "fields": {
    "recipient": null,
    "target_group": "ENGINEER",
    "title": "New Maintenance Request",
    "message": "New fault reported for dental unit - Male Clinics",
    "cssd_request": null,
    "url": "/maintenance-requests/58/",
    "is_read": true,
    "created_at": "2026-06-07T12:07:04.249Z"
  }
},
{
  "model": "cssd.notification",
  "pk": 145,
  "fields": {
    "recipient": null,
    "target_group": "MALE",
    "title": "Repair Waiting Confirmation",
    "message": "Repair completed for dental unit. Please confirm.",
    "cssd_request": null,
    "url": "/maintenance-requests/58/",
    "is_read": true,
    "created_at": "2026-06-07T12:07:28.074Z"
  }
},
{
  "model": "cssd.notification",
  "pk": 146,
  "fields": {
    "recipient": null,
    "target_group": "ENGINEER",
    "title": "Repair Confirmed",
    "message": "Clinic confirmed repair for dental unit",
    "cssd_request": null,
    "url": "/maintenance-requests/58/",
    "is_read": true,
    "created_at": "2026-06-07T12:07:45.868Z"
  }
},
{
  "model": "cssd.notification",
  "pk": 147,
  "fields": {
    "recipient": null,
    "target_group": "ENGINEER",
    "title": "New Maintenance Request",
    "message": "New fault reported for dental unit - Male Clinics",
    "cssd_request": null,
    "url": "/maintenance-requests/59/",
    "is_read": true,
    "created_at": "2026-06-07T12:10:13.788Z"
  }
},
{
  "model": "cssd.notification",
  "pk": 148,
  "fields": {
    "recipient": null,
    "target_group": "MALE",
    "title": "Repair Waiting Confirmation",
    "message": "Repair completed for dental unit. Please confirm.",
    "cssd_request": null,
    "url": "/maintenance-requests/59/",
    "is_read": true,
    "created_at": "2026-06-07T12:10:32.736Z"
  }
},
{
  "model": "cssd.notification",
  "pk": 149,
  "fields": {
    "recipient": null,
    "target_group": "ENGINEER",
    "title": "Repair Rejected",
    "message": "Clinic rejected repair for dental unit",
    "cssd_request": null,
    "url": "/maintenance-requests/59/",
    "is_read": true,
    "created_at": "2026-06-07T12:10:52.414Z"
  }
},
{
  "model": "cssd.notification",
  "pk": 150,
  "fields": {
    "recipient": null,
    "target_group": "MALE",
    "title": "Repair Waiting Confirmation",
    "message": "Repair completed for dental unit. Please confirm.",
    "cssd_request": null,
    "url": "/maintenance-requests/59/",
    "is_read": true,
    "created_at": "2026-06-07T12:18:32.516Z"
  }
},
{
  "model": "cssd.notification",
  "pk": 151,
  "fields": {
    "recipient": null,
    "target_group": "MALE",
    "title": "Repair Waiting Confirmation",
    "message": "Repair completed for dental unit. Please confirm.",
    "cssd_request": null,
    "url": "/maintenance-requests/57/",
    "is_read": true,
    "created_at": "2026-06-07T12:19:07.594Z"
  }
},
{
  "model": "cssd.notification",
  "pk": 152,
  "fields": {
    "recipient": null,
    "target_group": "ENGINEER",
    "title": "Repair Confirmed",
    "message": "Clinic confirmed repair for dental unit",
    "cssd_request": null,
    "url": "/maintenance-requests/59/",
    "is_read": true,
    "created_at": "2026-06-07T12:19:35.815Z"
  }
},
{
  "model": "cssd.notification",
  "pk": 153,
  "fields": {
    "recipient": null,
    "target_group": "ENGINEER",
    "title": "Repair Confirmed",
    "message": "Clinic confirmed repair for dental unit",
    "cssd_request": null,
    "url": "/maintenance-requests/57/",
    "is_read": true,
    "created_at": "2026-06-07T12:20:30.498Z"
  }
},
{
  "model": "cssd.notification",
  "pk": 154,
  "fields": {
    "recipient": null,
    "target_group": "ENGINEER",
    "title": "New Maintenance Request",
    "message": "New fault reported for dental unit - Male Clinics",
    "cssd_request": null,
    "url": "/maintenance-requests/60/",
    "is_read": true,
    "created_at": "2026-06-07T13:07:41.427Z"
  }
},
{
  "model": "cssd.notification",
  "pk": 155,
  "fields": {
    "recipient": null,
    "target_group": "MALE",
    "title": "Spare Parts Approval Required",
    "message": "Spare parts approval required for dental unit",
    "cssd_request": null,
    "url": "/maintenance-requests/60/",
    "is_read": true,
    "created_at": "2026-06-07T13:08:05.061Z"
  }
},
{
  "model": "cssd.notification",
  "pk": 156,
  "fields": {
    "recipient": null,
    "target_group": "ENGINEER",
    "title": "New Maintenance Request",
    "message": "New fault reported for dental unit - Male Clinics",
    "cssd_request": null,
    "url": "/maintenance-requests/61/",
    "is_read": true,
    "created_at": "2026-06-07T13:08:33.236Z"
  }
},
{
  "model": "cssd.notification",
  "pk": 157,
  "fields": {
    "recipient": null,
    "target_group": "MALE",
    "title": "Repair Waiting Confirmation",
    "message": "Repair completed for dental unit. Please confirm.",
    "cssd_request": null,
    "url": "/maintenance-requests/61/",
    "is_read": true,
    "created_at": "2026-06-07T13:10:02.654Z"
  }
},
{
  "model": "cssd.notification",
  "pk": 158,
  "fields": {
    "recipient": null,
    "target_group": "ENGINEER",
    "title": "Repair Confirmed",
    "message": "Clinic confirmed repair for dental unit",
    "cssd_request": null,
    "url": "/maintenance-requests/61/",
    "is_read": true,
    "created_at": "2026-06-07T13:10:16.720Z"
  }
},
{
  "model": "cssd.notification",
  "pk": 159,
  "fields": {
    "recipient": null,
    "target_group": "ENGINEER",
    "title": "New QR Fault Report",
    "message": "New QR fault report for dental unit - Male Clinics",
    "cssd_request": null,
    "url": "/maintenance-requests/62/",
    "is_read": true,
    "created_at": "2026-06-12T21:12:23.651Z"
  }
},
{
  "model": "cssd.notification",
  "pk": 160,
  "fields": {
    "recipient": null,
    "target_group": "MALE",
    "title": "New Fault Report",
    "message": "New QR fault report for dental unit by ÚČĎ ÇáŃÍăä",
    "cssd_request": null,
    "url": "/maintenance-requests/62/",
    "is_read": true,
    "created_at": "2026-06-12T21:12:23.671Z"
  }
},
{
  "model": "cssd.notification",
  "pk": 161,
  "fields": {
    "recipient": null,
    "target_group": "MALE",
    "title": "Repair Waiting Confirmation",
    "message": "Repair completed for dental unit. Please confirm.",
    "cssd_request": null,
    "url": "/maintenance-requests/62/",
    "is_read": true,
    "created_at": "2026-06-12T21:13:37.337Z"
  }
},
{
  "model": "cssd.notification",
  "pk": 162,
  "fields": {
    "recipient": null,
    "target_group": "ENGINEER",
    "title": "Repair Confirmed",
    "message": "Clinic confirmed repair for dental unit",
    "cssd_request": null,
    "url": "/maintenance-requests/62/",
    "is_read": true,
    "created_at": "2026-06-12T21:14:35.040Z"
  }
},
{
  "model": "cssd.notification",
  "pk": 163,
  "fields": {
    "recipient": null,
    "target_group": "MALE",
    "title": "Repair Waiting Confirmation",
    "message": "Repair completed for dental unit. Please confirm.",
    "cssd_request": null,
    "url": "/maintenance-requests/60/",
    "is_read": true,
    "created_at": "2026-06-12T21:17:07.201Z"
  }
},
{
  "model": "cssd.notification",
  "pk": 164,
  "fields": {
    "recipient": null,
    "target_group": "ENGINEER",
    "title": "Repair Confirmed",
    "message": "Clinic confirmed repair for dental unit",
    "cssd_request": null,
    "url": "/maintenance-requests/60/",
    "is_read": true,
    "created_at": "2026-06-13T00:19:54.311Z"
  }
},
{
  "model": "cssd.notification",
  "pk": 165,
  "fields": {
    "recipient": null,
    "target_group": "ENGINEER",
    "title": "New Maintenance Request",
    "message": "New fault reported for dental unit - Male Clinics",
    "cssd_request": null,
    "url": "/maintenance-requests/63/",
    "is_read": true,
    "created_at": "2026-06-14T22:11:05.123Z"
  }
},
{
  "model": "cssd.notification",
  "pk": 166,
  "fields": {
    "recipient": null,
    "target_group": "MALE",
    "title": "Repair Waiting Confirmation",
    "message": "Repair completed for dental unit. Please confirm.",
    "cssd_request": null,
    "url": "/maintenance-requests/63/",
    "is_read": true,
    "created_at": "2026-06-14T22:11:36.486Z"
  }
},
{
  "model": "cssd.notification",
  "pk": 167,
  "fields": {
    "recipient": null,
    "target_group": "ENGINEER",
    "title": "Repair Confirmed",
    "message": "Clinic confirmed repair for dental unit",
    "cssd_request": null,
    "url": "/maintenance-requests/63/",
    "is_read": true,
    "created_at": "2026-06-14T22:11:52.248Z"
  }
},
{
  "model": "cssd.notification",
  "pk": 168,
  "fields": {
    "recipient": null,
    "target_group": "ENGINEER",
    "title": "New Maintenance Request",
    "message": "New fault reported for dental unit - Male Clinics",
    "cssd_request": null,
    "url": "/maintenance-requests/64/",
    "is_read": true,
    "created_at": "2026-06-14T22:29:41.247Z"
  }
},
{
  "model": "cssd.notification",
  "pk": 169,
  "fields": {
    "recipient": null,
    "target_group": "MALE",
    "title": "Repair Waiting Confirmation",
    "message": "Repair completed for dental unit. Please confirm.",
    "cssd_request": null,
    "url": "/maintenance-requests/64/",
    "is_read": true,
    "created_at": "2026-06-14T22:30:12.769Z"
  }
},
{
  "model": "cssd.notification",
  "pk": 170,
  "fields": {
    "recipient": null,
    "target_group": "ENGINEER",
    "title": "Repair Confirmed",
    "message": "Clinic confirmed repair for dental unit",
    "cssd_request": null,
    "url": "/maintenance-requests/64/",
    "is_read": true,
    "created_at": "2026-06-14T22:30:25.292Z"
  }
},
{
  "model": "cssd.notification",
  "pk": 171,
  "fields": {
    "recipient": null,
    "target_group": "ENGINEER",
    "title": "New Maintenance Request",
    "message": "New fault reported for dental unit C4M - Male Clinics",
    "cssd_request": null,
    "url": "/maintenance-requests/65/",
    "is_read": true,
    "created_at": "2026-06-14T22:43:23.152Z"
  }
},
{
  "model": "cssd.notification",
  "pk": 172,
  "fields": {
    "recipient": null,
    "target_group": "MALE",
    "title": "Repair Waiting Confirmation",
    "message": "Repair completed for dental unit C4M. Please confirm.",
    "cssd_request": null,
    "url": "/maintenance-requests/65/",
    "is_read": true,
    "created_at": "2026-06-14T22:43:47.846Z"
  }
},
{
  "model": "cssd.notification",
  "pk": 173,
  "fields": {
    "recipient": null,
    "target_group": "ENGINEER",
    "title": "Repair Confirmed",
    "message": "Clinic confirmed repair for dental unit C4M",
    "cssd_request": null,
    "url": "/maintenance-requests/65/",
    "is_read": true,
    "created_at": "2026-06-14T22:44:02.183Z"
  }
},
{
  "model": "cssd.notification",
  "pk": 174,
  "fields": {
    "recipient": null,
    "target_group": "ENGINEER",
    "title": "New Maintenance Request",
    "message": "New fault reported for dental unit C4M - Male Clinics",
    "cssd_request": null,
    "url": "/maintenance-requests/66/",
    "is_read": true,
    "created_at": "2026-06-14T22:58:03.442Z"
  }
},
{
  "model": "cssd.notification",
  "pk": 175,
  "fields": {
    "recipient": null,
    "target_group": "MALE",
    "title": "Spare Parts Approval Required",
    "message": "Spare parts approval required for dental unit C4M",
    "cssd_request": null,
    "url": "/maintenance-requests/66/",
    "is_read": true,
    "created_at": "2026-06-14T23:00:25.514Z"
  }
},
{
  "model": "cssd.notification",
  "pk": 176,
  "fields": {
    "recipient": null,
    "target_group": "MALE",
    "title": "Repair Waiting Confirmation",
    "message": "Repair completed for dental unit C4M. Please confirm.",
    "cssd_request": null,
    "url": "/maintenance-requests/66/",
    "is_read": true,
    "created_at": "2026-06-15T00:07:15.827Z"
  }
},
{
  "model": "cssd.notification",
  "pk": 177,
  "fields": {
    "recipient": null,
    "target_group": "ENGINEER",
    "title": "Repair Confirmed",
    "message": "Clinic confirmed repair for dental unit C4M",
    "cssd_request": null,
    "url": "/maintenance-requests/66/",
    "is_read": true,
    "created_at": "2026-06-15T00:07:29.426Z"
  }
},
{
  "model": "cssd.notification",
  "pk": 178,
  "fields": {
    "recipient": null,
    "target_group": "ENGINEER",
    "title": "New Maintenance Request",
    "message": "New fault reported for dental unit C5M - Male Clinics",
    "cssd_request": null,
    "url": "/maintenance-requests/67/",
    "is_read": true,
    "created_at": "2026-06-15T00:08:58.668Z"
  }
},
{
  "model": "cssd.notification",
  "pk": 179,
  "fields": {
    "recipient": null,
    "target_group": "MALE",
    "title": "Spare Parts Approval Required",
    "message": "Spare parts approval required for dental unit C5M",
    "cssd_request": null,
    "url": "/maintenance-requests/67/",
    "is_read": true,
    "created_at": "2026-06-15T00:09:37.227Z"
  }
},
{
  "model": "cssd.notification",
  "pk": 180,
  "fields": {
    "recipient": null,
    "target_group": "MALE",
    "title": "Repair Waiting Confirmation",
    "message": "Repair completed for dental unit C5M. Please confirm.",
    "cssd_request": null,
    "url": "/maintenance-requests/67/",
    "is_read": true,
    "created_at": "2026-06-15T00:11:31.574Z"
  }
},
{
  "model": "cssd.notification",
  "pk": 181,
  "fields": {
    "recipient": null,
    "target_group": "ENGINEER",
    "title": "Repair Confirmed",
    "message": "Clinic confirmed repair for dental unit C5M",
    "cssd_request": null,
    "url": "/maintenance-requests/67/",
    "is_read": true,
    "created_at": "2026-06-15T00:11:47.324Z"
  }
},
{
  "model": "cssd.notification",
  "pk": 182,
  "fields": {
    "recipient": null,
    "target_group": "ENGINEER",
    "title": "New Maintenance Request",
    "message": "New fault reported for dental unit - Male Clinics",
    "cssd_request": null,
    "url": "/maintenance-requests/68/",
    "is_read": true,
    "created_at": "2026-06-15T00:12:49.395Z"
  }
},
{
  "model": "cssd.notification",
  "pk": 183,
  "fields": {
    "recipient": null,
    "target_group": "MALE",
    "title": "Spare Parts Approval Required",
    "message": "Spare parts approval required for dental unit",
    "cssd_request": null,
    "url": "/maintenance-requests/68/",
    "is_read": true,
    "created_at": "2026-06-15T00:13:14.864Z"
  }
},
{
  "model": "cssd.notification",
  "pk": 184,
  "fields": {
    "recipient": null,
    "target_group": "MALE",
    "title": "Repair Waiting Confirmation",
    "message": "Repair completed for dental unit. Please confirm.",
    "cssd_request": null,
    "url": "/maintenance-requests/68/",
    "is_read": true,
    "created_at": "2026-06-15T00:15:30.421Z"
  }
},
{
  "model": "cssd.notification",
  "pk": 185,
  "fields": {
    "recipient": null,
    "target_group": "ENGINEER",
    "title": "Repair Confirmed",
    "message": "Clinic confirmed repair for dental unit",
    "cssd_request": null,
    "url": "/maintenance-requests/68/",
    "is_read": true,
    "created_at": "2026-06-15T00:15:41.637Z"
  }
},
{
  "model": "cssd.notification",
  "pk": 186,
  "fields": {
    "recipient": null,
    "target_group": "ENGINEER",
    "title": "New Maintenance Request",
    "message": "New fault reported for dental unit - Male Clinics",
    "cssd_request": null,
    "url": "/maintenance-requests/69/",
    "is_read": true,
    "created_at": "2026-06-15T00:17:01.993Z"
  }
},
{
  "model": "cssd.notification",
  "pk": 187,
  "fields": {
    "recipient": null,
    "target_group": "MALE",
    "title": "Spare Parts Approval Required",
    "message": "Spare parts approval required for dental unit",
    "cssd_request": null,
    "url": "/maintenance-requests/69/",
    "is_read": true,
    "created_at": "2026-06-15T00:17:24.306Z"
  }
},
{
  "model": "cssd.notification",
  "pk": 188,
  "fields": {
    "recipient": null,
    "target_group": "MALE",
    "title": "Repair Waiting Confirmation",
    "message": "Repair completed for dental unit. Please confirm.",
    "cssd_request": null,
    "url": "/maintenance-requests/69/",
    "is_read": true,
    "created_at": "2026-06-15T00:19:25.176Z"
  }
},
{
  "model": "cssd.notification",
  "pk": 189,
  "fields": {
    "recipient": null,
    "target_group": "ENGINEER",
    "title": "Repair Rejected",
    "message": "Clinic rejected repair for dental unit",
    "cssd_request": null,
    "url": "/maintenance-requests/69/",
    "is_read": true,
    "created_at": "2026-06-15T00:19:38.106Z"
  }
},
{
  "model": "cssd.notification",
  "pk": 190,
  "fields": {
    "recipient": null,
    "target_group": "MALE",
    "title": "Spare Parts Approval Required",
    "message": "Spare parts approval required for dental unit",
    "cssd_request": null,
    "url": "/maintenance-requests/69/",
    "is_read": true,
    "created_at": "2026-06-15T00:19:58.341Z"
  }
},
{
  "model": "cssd.notification",
  "pk": 191,
  "fields": {
    "recipient": null,
    "target_group": "MALE",
    "title": "Repair Waiting Confirmation",
    "message": "Repair completed for dental unit. Please confirm.",
    "cssd_request": null,
    "url": "/maintenance-requests/69/",
    "is_read": true,
    "created_at": "2026-06-15T00:24:11.835Z"
  }
},
{
  "model": "cssd.notification",
  "pk": 192,
  "fields": {
    "recipient": null,
    "target_group": "ENGINEER",
    "title": "Repair Confirmed",
    "message": "Clinic confirmed repair for dental unit",
    "cssd_request": null,
    "url": "/maintenance-requests/69/",
    "is_read": true,
    "created_at": "2026-06-15T00:24:23.471Z"
  }
},
{
  "model": "cssd.notification",
  "pk": 193,
  "fields": {
    "recipient": null,
    "target_group": "ENGINEER",
    "title": "New Maintenance Request",
    "message": "New fault reported for dental unit - Male Clinics",
    "cssd_request": null,
    "url": "/maintenance-requests/70/",
    "is_read": true,
    "created_at": "2026-06-15T00:43:06.572Z"
  }
},
{
  "model": "cssd.notification",
  "pk": 194,
  "fields": {
    "recipient": null,
    "target_group": "MALE",
    "title": "Repair Waiting Confirmation",
    "message": "Repair completed for dental unit. Please confirm.",
    "cssd_request": null,
    "url": "/maintenance-requests/70/",
    "is_read": true,
    "created_at": "2026-06-15T00:43:22.538Z"
  }
},
{
  "model": "cssd.notification",
  "pk": 195,
  "fields": {
    "recipient": null,
    "target_group": "ENGINEER",
    "title": "Repair Confirmed",
    "message": "Clinic confirmed repair for dental unit",
    "cssd_request": null,
    "url": "/maintenance-requests/70/",
    "is_read": true,
    "created_at": "2026-06-15T00:43:36.267Z"
  }
},
{
  "model": "cssd.notification",
  "pk": 196,
  "fields": {
    "recipient": null,
    "target_group": "ENGINEER",
    "title": "New Maintenance Request",
    "message": "New fault reported for dental unit - Male Clinics",
    "cssd_request": null,
    "url": "/maintenance-requests/71/",
    "is_read": true,
    "created_at": "2026-06-15T00:44:31.296Z"
  }
},
{
  "model": "cssd.notification",
  "pk": 197,
  "fields": {
    "recipient": null,
    "target_group": "ENGINEER",
    "title": "New Maintenance Request",
    "message": "New fault reported for dental unit C4M - Male Clinics",
    "cssd_request": null,
    "url": "/maintenance-requests/72/",
    "is_read": true,
    "created_at": "2026-06-15T00:44:42.113Z"
  }
},
{
  "model": "cssd.notification",
  "pk": 198,
  "fields": {
    "recipient": null,
    "target_group": "MALE",
    "title": "Spare Parts Approval Required",
    "message": "Spare parts approval required for dental unit C4M",
    "cssd_request": null,
    "url": "/maintenance-requests/72/",
    "is_read": true,
    "created_at": "2026-06-15T00:45:16.115Z"
  }
},
{
  "model": "cssd.notification",
  "pk": 199,
  "fields": {
    "recipient": null,
    "target_group": "MALE",
    "title": "Spare Parts Approval Required",
    "message": "Spare parts approval required for dental unit",
    "cssd_request": null,
    "url": "/maintenance-requests/71/",
    "is_read": true,
    "created_at": "2026-06-15T00:45:42.939Z"
  }
},
{
  "model": "cssd.notification",
  "pk": 200,
  "fields": {
    "recipient": null,
    "target_group": "MALE",
    "title": "Repair Waiting Confirmation",
    "message": "Repair completed for dental unit C4M. Please confirm.",
    "cssd_request": null,
    "url": "/maintenance-requests/72/",
    "is_read": true,
    "created_at": "2026-06-15T00:47:37.688Z"
  }
},
{
  "model": "cssd.notification",
  "pk": 201,
  "fields": {
    "recipient": null,
    "target_group": "MALE",
    "title": "Repair Waiting Confirmation",
    "message": "Repair completed for dental unit. Please confirm.",
    "cssd_request": null,
    "url": "/maintenance-requests/71/",
    "is_read": true,
    "created_at": "2026-06-15T00:47:55.692Z"
  }
},
{
  "model": "cssd.notification",
  "pk": 202,
  "fields": {
    "recipient": null,
    "target_group": "ENGINEER",
    "title": "Repair Confirmed",
    "message": "Clinic confirmed repair for dental unit C4M",
    "cssd_request": null,
    "url": "/maintenance-requests/72/",
    "is_read": true,
    "created_at": "2026-06-15T00:48:12.474Z"
  }
},
{
  "model": "cssd.notification",
  "pk": 203,
  "fields": {
    "recipient": null,
    "target_group": "ENGINEER",
    "title": "Repair Confirmed",
    "message": "Clinic confirmed repair for dental unit",
    "cssd_request": null,
    "url": "/maintenance-requests/71/",
    "is_read": true,
    "created_at": "2026-06-15T00:48:21.395Z"
  }
},
{
  "model": "cssd.notification",
  "pk": 204,
  "fields": {
    "recipient": 15,
    "target_group": "USER",
    "title": "New Maintenance Request",
    "message": "New fault reported for dental unit - Male Clinics",
    "cssd_request": null,
    "url": "/maintenance-requests/73/",
    "is_read": true,
    "created_at": "2026-06-17T00:14:32.485Z"
  }
},
{
  "model": "cssd.notification",
  "pk": 205,
  "fields": {
    "recipient": 1,
    "target_group": "USER",
    "title": "New Maintenance Request",
    "message": "New fault reported for dental unit - Male Clinics",
    "cssd_request": null,
    "url": "/maintenance-requests/73/",
    "is_read": false,
    "created_at": "2026-06-17T00:14:32.494Z"
  }
},
{
  "model": "cssd.notification",
  "pk": 206,
  "fields": {
    "recipient": 17,
    "target_group": "USER",
    "title": "New Maintenance Request",
    "message": "New fault reported for dental unit - Male Clinics",
    "cssd_request": null,
    "url": "/maintenance-requests/73/",
    "is_read": true,
    "created_at": "2026-06-17T00:14:32.506Z"
  }
},
{
  "model": "cssd.notification",
  "pk": 207,
  "fields": {
    "recipient": null,
    "target_group": "ENGINEER",
    "title": "New Maintenance Request",
    "message": "New fault reported for dental unit - Male Clinics",
    "cssd_request": null,
    "url": "/maintenance-requests/73/",
    "is_read": true,
    "created_at": "2026-06-17T00:14:32.518Z"
  }
},
{
  "model": "cssd.notification",
  "pk": 208,
  "fields": {
    "recipient": 15,
    "target_group": "USER",
    "title": "Engineer Started Maintenance",
    "message": "Engineer started work for dental unit",
    "cssd_request": null,
    "url": "/maintenance-requests/73/",
    "is_read": true,
    "created_at": "2026-06-17T00:14:47.606Z"
  }
},
{
  "model": "cssd.notification",
  "pk": 209,
  "fields": {
    "recipient": 7,
    "target_group": "USER",
    "title": "Engineer Started Maintenance",
    "message": "Engineer started work for dental unit",
    "cssd_request": null,
    "url": "/maintenance-requests/73/",
    "is_read": true,
    "created_at": "2026-06-17T00:14:47.619Z"
  }
},
{
  "model": "cssd.notification",
  "pk": 210,
  "fields": {
    "recipient": 1,
    "target_group": "USER",
    "title": "Engineer Started Maintenance",
    "message": "Engineer started work for dental unit",
    "cssd_request": null,
    "url": "/maintenance-requests/73/",
    "is_read": false,
    "created_at": "2026-06-17T00:14:47.630Z"
  }
},
{
  "model": "cssd.notification",
  "pk": 211,
  "fields": {
    "recipient": 17,
    "target_group": "USER",
    "title": "Engineer Started Maintenance",
    "message": "Engineer started work for dental unit",
    "cssd_request": null,
    "url": "/maintenance-requests/73/",
    "is_read": true,
    "created_at": "2026-06-17T00:14:47.643Z"
  }
},
{
  "model": "cssd.notification",
  "pk": 212,
  "fields": {
    "recipient": null,
    "target_group": "MALE",
    "title": "Engineer Started Maintenance",
    "message": "Engineer started work for dental unit",
    "cssd_request": null,
    "url": "/maintenance-requests/73/",
    "is_read": true,
    "created_at": "2026-06-17T00:14:47.654Z"
  }
},
{
  "model": "cssd.notification",
  "pk": 213,
  "fields": {
    "recipient": 1,
    "target_group": "USER",
    "title": "Repair Waiting Confirmation",
    "message": "Repair completed for dental unit. Please confirm.",
    "cssd_request": null,
    "url": "/maintenance-requests/73/",
    "is_read": false,
    "created_at": "2026-06-17T00:15:35.104Z"
  }
},
{
  "model": "cssd.notification",
  "pk": 214,
  "fields": {
    "recipient": 17,
    "target_group": "USER",
    "title": "Repair Waiting Confirmation",
    "message": "Repair completed for dental unit. Please confirm.",
    "cssd_request": null,
    "url": "/maintenance-requests/73/",
    "is_read": true,
    "created_at": "2026-06-17T00:15:35.114Z"
  }
},
{
  "model": "cssd.notification",
  "pk": 215,
  "fields": {
    "recipient": null,
    "target_group": "MALE",
    "title": "Repair Waiting Confirmation",
    "message": "Repair completed for dental unit. Please confirm.",
    "cssd_request": null,
    "url": "/maintenance-requests/73/",
    "is_read": true,
    "created_at": "2026-06-17T00:15:35.126Z"
  }
},
{
  "model": "cssd.notification",
  "pk": 216,
  "fields": {
    "recipient": 15,
    "target_group": "USER",
    "title": "Repair Confirmed",
    "message": "Clinic confirmed repair for dental unit",
    "cssd_request": null,
    "url": "/maintenance-requests/73/",
    "is_read": true,
    "created_at": "2026-06-17T00:15:49.567Z"
  }
},
{
  "model": "cssd.notification",
  "pk": 217,
  "fields": {
    "recipient": 1,
    "target_group": "USER",
    "title": "Repair Confirmed",
    "message": "Clinic confirmed repair for dental unit",
    "cssd_request": null,
    "url": "/maintenance-requests/73/",
    "is_read": false,
    "created_at": "2026-06-17T00:15:49.577Z"
  }
},
{
  "model": "cssd.notification",
  "pk": 218,
  "fields": {
    "recipient": 17,
    "target_group": "USER",
    "title": "Repair Confirmed",
    "message": "Clinic confirmed repair for dental unit",
    "cssd_request": null,
    "url": "/maintenance-requests/73/",
    "is_read": true,
    "created_at": "2026-06-17T00:15:49.588Z"
  }
},
{
  "model": "cssd.notification",
  "pk": 219,
  "fields": {
    "recipient": null,
    "target_group": "ENGINEER",
    "title": "Repair Confirmed",
    "message": "Clinic confirmed repair for dental unit",
    "cssd_request": null,
    "url": "/maintenance-requests/73/",
    "is_read": true,
    "created_at": "2026-06-17T00:15:49.600Z"
  }
},
{
  "model": "cssd.notification",
  "pk": 220,
  "fields": {
    "recipient": 15,
    "target_group": "USER",
    "title": "Maintenance Report Approved",
    "message": "Report approved for dental unit",
    "cssd_request": null,
    "url": "/maintenance-requests/73/",
    "is_read": true,
    "created_at": "2026-06-17T00:15:57.466Z"
  }
},
{
  "model": "cssd.notification",
  "pk": 221,
  "fields": {
    "recipient": 7,
    "target_group": "USER",
    "title": "Maintenance Report Approved",
    "message": "Report approved for dental unit",
    "cssd_request": null,
    "url": "/maintenance-requests/73/",
    "is_read": true,
    "created_at": "2026-06-17T00:15:57.478Z"
  }
},
{
  "model": "cssd.notification",
  "pk": 222,
  "fields": {
    "recipient": 1,
    "target_group": "USER",
    "title": "Maintenance Report Approved",
    "message": "Report approved for dental unit",
    "cssd_request": null,
    "url": "/maintenance-requests/73/",
    "is_read": false,
    "created_at": "2026-06-17T00:15:57.489Z"
  }
},
{
  "model": "cssd.notification",
  "pk": 223,
  "fields": {
    "recipient": 17,
    "target_group": "USER",
    "title": "Maintenance Report Approved",
    "message": "Report approved for dental unit",
    "cssd_request": null,
    "url": "/maintenance-requests/73/",
    "is_read": true,
    "created_at": "2026-06-17T00:15:57.501Z"
  }
},
{
  "model": "cssd.notification",
  "pk": 224,
  "fields": {
    "recipient": 15,
    "target_group": "USER",
    "title": "New QR Fault Report",
    "message": "New QR fault report for dental unit - Male Clinics",
    "cssd_request": null,
    "url": "/maintenance-requests/74/",
    "is_read": true,
    "created_at": "2026-06-17T00:45:57.662Z"
  }
},
{
  "model": "cssd.notification",
  "pk": 225,
  "fields": {
    "recipient": 1,
    "target_group": "USER",
    "title": "New QR Fault Report",
    "message": "New QR fault report for dental unit - Male Clinics",
    "cssd_request": null,
    "url": "/maintenance-requests/74/",
    "is_read": false,
    "created_at": "2026-06-17T00:45:57.673Z"
  }
},
{
  "model": "cssd.notification",
  "pk": 226,
  "fields": {
    "recipient": 17,
    "target_group": "USER",
    "title": "New QR Fault Report",
    "message": "New QR fault report for dental unit - Male Clinics",
    "cssd_request": null,
    "url": "/maintenance-requests/74/",
    "is_read": true,
    "created_at": "2026-06-17T00:45:57.683Z"
  }
},
{
  "model": "cssd.notification",
  "pk": 227,
  "fields": {
    "recipient": null,
    "target_group": "ENGINEER",
    "title": "New QR Fault Report",
    "message": "New QR fault report for dental unit - Male Clinics",
    "cssd_request": null,
    "url": "/maintenance-requests/74/",
    "is_read": true,
    "created_at": "2026-06-17T00:45:57.694Z"
  }
},
{
  "model": "cssd.notification",
  "pk": 228,
  "fields": {
    "recipient": 15,
    "target_group": "USER",
    "title": "New Fault Report",
    "message": "New QR fault report for dental unit by Ibrahem kamel",
    "cssd_request": null,
    "url": "/maintenance-requests/74/",
    "is_read": true,
    "created_at": "2026-06-17T00:45:57.706Z"
  }
},
{
  "model": "cssd.notification",
  "pk": 229,
  "fields": {
    "recipient": 1,
    "target_group": "USER",
    "title": "New Fault Report",
    "message": "New QR fault report for dental unit by Ibrahem kamel",
    "cssd_request": null,
    "url": "/maintenance-requests/74/",
    "is_read": false,
    "created_at": "2026-06-17T00:45:57.716Z"
  }
},
{
  "model": "cssd.notification",
  "pk": 230,
  "fields": {
    "recipient": 17,
    "target_group": "USER",
    "title": "New Fault Report",
    "message": "New QR fault report for dental unit by Ibrahem kamel",
    "cssd_request": null,
    "url": "/maintenance-requests/74/",
    "is_read": true,
    "created_at": "2026-06-17T00:45:57.726Z"
  }
},
{
  "model": "cssd.notification",
  "pk": 231,
  "fields": {
    "recipient": null,
    "target_group": "MALE",
    "title": "New Fault Report",
    "message": "New QR fault report for dental unit by Ibrahem kamel",
    "cssd_request": null,
    "url": "/maintenance-requests/74/",
    "is_read": true,
    "created_at": "2026-06-17T00:45:57.737Z"
  }
},
{
  "model": "cssd.notification",
  "pk": 232,
  "fields": {
    "recipient": 15,
    "target_group": "USER",
    "title": "Engineer Started Maintenance",
    "message": "Engineer started work for dental unit",
    "cssd_request": null,
    "url": "/maintenance-requests/74/",
    "is_read": true,
    "created_at": "2026-06-17T00:46:22.405Z"
  }
},
{
  "model": "cssd.notification",
  "pk": 233,
  "fields": {
    "recipient": 1,
    "target_group": "USER",
    "title": "Engineer Started Maintenance",
    "message": "Engineer started work for dental unit",
    "cssd_request": null,
    "url": "/maintenance-requests/74/",
    "is_read": false,
    "created_at": "2026-06-17T00:46:22.415Z"
  }
},
{
  "model": "cssd.notification",
  "pk": 234,
  "fields": {
    "recipient": 17,
    "target_group": "USER",
    "title": "Engineer Started Maintenance",
    "message": "Engineer started work for dental unit",
    "cssd_request": null,
    "url": "/maintenance-requests/74/",
    "is_read": true,
    "created_at": "2026-06-17T00:46:22.427Z"
  }
},
{
  "model": "cssd.notification",
  "pk": 235,
  "fields": {
    "recipient": null,
    "target_group": "MALE",
    "title": "Engineer Started Maintenance",
    "message": "Engineer started work for dental unit",
    "cssd_request": null,
    "url": "/maintenance-requests/74/",
    "is_read": true,
    "created_at": "2026-06-17T00:46:22.438Z"
  }
},
{
  "model": "cssd.notification",
  "pk": 236,
  "fields": {
    "recipient": 15,
    "target_group": "USER",
    "title": "Spare Parts Approval Required",
    "message": "Spare parts approval required for dental unit",
    "cssd_request": null,
    "url": "/maintenance-requests/74/",
    "is_read": true,
    "created_at": "2026-06-17T00:47:01.514Z"
  }
},
{
  "model": "cssd.notification",
  "pk": 237,
  "fields": {
    "recipient": 1,
    "target_group": "USER",
    "title": "Spare Parts Approval Required",
    "message": "Spare parts approval required for dental unit",
    "cssd_request": null,
    "url": "/maintenance-requests/74/",
    "is_read": false,
    "created_at": "2026-06-17T00:47:01.531Z"
  }
},
{
  "model": "cssd.notification",
  "pk": 238,
  "fields": {
    "recipient": 17,
    "target_group": "USER",
    "title": "Spare Parts Approval Required",
    "message": "Spare parts approval required for dental unit",
    "cssd_request": null,
    "url": "/maintenance-requests/74/",
    "is_read": true,
    "created_at": "2026-06-17T00:47:01.543Z"
  }
},
{
  "model": "cssd.notification",
  "pk": 239,
  "fields": {
    "recipient": null,
    "target_group": "MALE",
    "title": "Spare Parts Approval Required",
    "message": "Spare parts approval required for dental unit",
    "cssd_request": null,
    "url": "/maintenance-requests/74/",
    "is_read": true,
    "created_at": "2026-06-17T00:47:01.556Z"
  }
},
{
  "model": "cssd.notification",
  "pk": 240,
  "fields": {
    "recipient": 15,
    "target_group": "USER",
    "title": "Spare Parts Approved",
    "message": "Clinic approved spare parts for dental unit",
    "cssd_request": null,
    "url": "/maintenance-requests/74/",
    "is_read": true,
    "created_at": "2026-06-17T00:47:26.678Z"
  }
},
{
  "model": "cssd.notification",
  "pk": 241,
  "fields": {
    "recipient": 1,
    "target_group": "USER",
    "title": "Spare Parts Approved",
    "message": "Clinic approved spare parts for dental unit",
    "cssd_request": null,
    "url": "/maintenance-requests/74/",
    "is_read": false,
    "created_at": "2026-06-17T00:47:26.688Z"
  }
},
{
  "model": "cssd.notification",
  "pk": 242,
  "fields": {
    "recipient": 17,
    "target_group": "USER",
    "title": "Spare Parts Approved",
    "message": "Clinic approved spare parts for dental unit",
    "cssd_request": null,
    "url": "/maintenance-requests/74/",
    "is_read": true,
    "created_at": "2026-06-17T00:47:26.698Z"
  }
},
{
  "model": "cssd.notification",
  "pk": 243,
  "fields": {
    "recipient": 15,
    "target_group": "USER",
    "title": "Maintenance Report Approved",
    "message": "Report approved for dental unit",
    "cssd_request": null,
    "url": "/maintenance-requests/74/",
    "is_read": true,
    "created_at": "2026-06-17T00:47:43.123Z"
  }
},
{
  "model": "cssd.notification",
  "pk": 244,
  "fields": {
    "recipient": 1,
    "target_group": "USER",
    "title": "Maintenance Report Approved",
    "message": "Report approved for dental unit",
    "cssd_request": null,
    "url": "/maintenance-requests/74/",
    "is_read": false,
    "created_at": "2026-06-17T00:47:43.133Z"
  }
},
{
  "model": "cssd.notification",
  "pk": 245,
  "fields": {
    "recipient": 17,
    "target_group": "USER",
    "title": "Maintenance Report Approved",
    "message": "Report approved for dental unit",
    "cssd_request": null,
    "url": "/maintenance-requests/74/",
    "is_read": true,
    "created_at": "2026-06-17T00:47:43.146Z"
  }
},
{
  "model": "cssd.notification",
  "pk": 246,
  "fields": {
    "recipient": 15,
    "target_group": "USER",
    "title": "Spare Parts Received",
    "message": "Spare parts received for dental unit",
    "cssd_request": null,
    "url": "/maintenance-requests/74/",
    "is_read": true,
    "created_at": "2026-06-17T00:48:16.623Z"
  }
},
{
  "model": "cssd.notification",
  "pk": 247,
  "fields": {
    "recipient": 1,
    "target_group": "USER",
    "title": "Spare Parts Received",
    "message": "Spare parts received for dental unit",
    "cssd_request": null,
    "url": "/maintenance-requests/74/",
    "is_read": false,
    "created_at": "2026-06-17T00:48:16.635Z"
  }
},
{
  "model": "cssd.notification",
  "pk": 248,
  "fields": {
    "recipient": 17,
    "target_group": "USER",
    "title": "Spare Parts Received",
    "message": "Spare parts received for dental unit",
    "cssd_request": null,
    "url": "/maintenance-requests/74/",
    "is_read": true,
    "created_at": "2026-06-17T00:48:16.647Z"
  }
},
{
  "model": "cssd.notification",
  "pk": 249,
  "fields": {
    "recipient": 1,
    "target_group": "USER",
    "title": "Repair Waiting Confirmation",
    "message": "Repair completed for dental unit. Please confirm.",
    "cssd_request": null,
    "url": "/maintenance-requests/74/",
    "is_read": false,
    "created_at": "2026-06-17T00:49:29.901Z"
  }
},
{
  "model": "cssd.notification",
  "pk": 250,
  "fields": {
    "recipient": 17,
    "target_group": "USER",
    "title": "Repair Waiting Confirmation",
    "message": "Repair completed for dental unit. Please confirm.",
    "cssd_request": null,
    "url": "/maintenance-requests/74/",
    "is_read": true,
    "created_at": "2026-06-17T00:49:29.915Z"
  }
},
{
  "model": "cssd.notification",
  "pk": 251,
  "fields": {
    "recipient": null,
    "target_group": "MALE",
    "title": "Repair Waiting Confirmation",
    "message": "Repair completed for dental unit. Please confirm.",
    "cssd_request": null,
    "url": "/maintenance-requests/74/",
    "is_read": true,
    "created_at": "2026-06-17T00:49:29.928Z"
  }
},
{
  "model": "cssd.notification",
  "pk": 252,
  "fields": {
    "recipient": 15,
    "target_group": "USER",
    "title": "Repair Confirmed",
    "message": "Clinic confirmed repair for dental unit",
    "cssd_request": null,
    "url": "/maintenance-requests/74/",
    "is_read": false,
    "created_at": "2026-06-17T00:49:52.056Z"
  }
},
{
  "model": "cssd.notification",
  "pk": 253,
  "fields": {
    "recipient": 1,
    "target_group": "USER",
    "title": "Repair Confirmed",
    "message": "Clinic confirmed repair for dental unit",
    "cssd_request": null,
    "url": "/maintenance-requests/74/",
    "is_read": false,
    "created_at": "2026-06-17T00:49:52.068Z"
  }
},
{
  "model": "cssd.notification",
  "pk": 254,
  "fields": {
    "recipient": 17,
    "target_group": "USER",
    "title": "Repair Confirmed",
    "message": "Clinic confirmed repair for dental unit",
    "cssd_request": null,
    "url": "/maintenance-requests/74/",
    "is_read": true,
    "created_at": "2026-06-17T00:49:52.083Z"
  }
},
{
  "model": "cssd.notification",
  "pk": 255,
  "fields": {
    "recipient": null,
    "target_group": "ENGINEER",
    "title": "Repair Confirmed",
    "message": "Clinic confirmed repair for dental unit",
    "cssd_request": null,
    "url": "/maintenance-requests/74/",
    "is_read": false,
    "created_at": "2026-06-17T00:49:52.095Z"
  }
},
{
  "model": "cssd.notification",
  "pk": 256,
  "fields": {
    "recipient": 15,
    "target_group": "USER",
    "title": "Maintenance Report Approved",
    "message": "Report approved for dental unit",
    "cssd_request": null,
    "url": "/maintenance-requests/74/",
    "is_read": false,
    "created_at": "2026-06-17T00:50:02.813Z"
  }
},
{
  "model": "cssd.notification",
  "pk": 257,
  "fields": {
    "recipient": 1,
    "target_group": "USER",
    "title": "Maintenance Report Approved",
    "message": "Report approved for dental unit",
    "cssd_request": null,
    "url": "/maintenance-requests/74/",
    "is_read": false,
    "created_at": "2026-06-17T00:50:02.830Z"
  }
},
{
  "model": "cssd.notification",
  "pk": 258,
  "fields": {
    "recipient": 17,
    "target_group": "USER",
    "title": "Maintenance Report Approved",
    "message": "Report approved for dental unit",
    "cssd_request": null,
    "url": "/maintenance-requests/74/",
    "is_read": true,
    "created_at": "2026-06-17T00:50:02.845Z"
  }
},
{
  "model": "cssd.notification",
  "pk": 259,
  "fields": {
    "recipient": 1,
    "target_group": "USER",
    "title": "New CSSD Request",
    "message": "New request from Male Clinics: Endo",
    "cssd_request": 27,
    "url": "/cssd-request/27/",
    "is_read": false,
    "created_at": "2026-06-17T00:51:16.891Z"
  }
},
{
  "model": "cssd.notification",
  "pk": 260,
  "fields": {
    "recipient": 17,
    "target_group": "USER",
    "title": "New CSSD Request",
    "message": "New request from Male Clinics: Endo",
    "cssd_request": 27,
    "url": "/cssd-request/27/",
    "is_read": true,
    "created_at": "2026-06-17T00:51:16.903Z"
  }
},
{
  "model": "cssd.notification",
  "pk": 261,
  "fields": {
    "recipient": null,
    "target_group": "CSSD",
    "title": "New CSSD Request",
    "message": "New request from Male Clinics: Endo",
    "cssd_request": 27,
    "url": "/cssd-request/27/",
    "is_read": false,
    "created_at": "2026-06-17T00:51:16.915Z"
  }
},
{
  "model": "cssd.notification",
  "pk": 262,
  "fields": {
    "recipient": 1,
    "target_group": "USER",
    "title": "New CSSD Request",
    "message": "New request from Male Clinics: Student",
    "cssd_request": 28,
    "url": "/cssd-request/28/",
    "is_read": false,
    "created_at": "2026-06-17T00:52:05.848Z"
  }
},
{
  "model": "cssd.notification",
  "pk": 263,
  "fields": {
    "recipient": 17,
    "target_group": "USER",
    "title": "New CSSD Request",
    "message": "New request from Male Clinics: Student",
    "cssd_request": 28,
    "url": "/cssd-request/28/",
    "is_read": false,
    "created_at": "2026-06-17T00:52:05.865Z"
  }
},
{
  "model": "cssd.notification",
  "pk": 264,
  "fields": {
    "recipient": null,
    "target_group": "CSSD",
    "title": "New CSSD Request",
    "message": "New request from Male Clinics: Student",
    "cssd_request": 28,
    "url": "/cssd-request/28/",
    "is_read": false,
    "created_at": "2026-06-17T00:52:05.879Z"
  }
},
{
  "model": "cssd.notification",
  "pk": 265,
  "fields": {
    "recipient": 15,
    "target_group": "USER",
    "title": "New Maintenance Request",
    "message": "New fault reported for Dental unite - Male Clinics",
    "cssd_request": null,
    "url": "/maintenance-requests/75/",
    "is_read": false,
    "created_at": "2026-06-18T21:48:32.175Z"
  }
},
{
  "model": "cssd.notification",
  "pk": 266,
  "fields": {
    "recipient": 1,
    "target_group": "USER",
    "title": "New Maintenance Request",
    "message": "New fault reported for Dental unite - Male Clinics",
    "cssd_request": null,
    "url": "/maintenance-requests/75/",
    "is_read": false,
    "created_at": "2026-06-18T21:48:32.187Z"
  }
},
{
  "model": "cssd.notification",
  "pk": 267,
  "fields": {
    "recipient": 17,
    "target_group": "USER",
    "title": "New Maintenance Request",
    "message": "New fault reported for Dental unite - Male Clinics",
    "cssd_request": null,
    "url": "/maintenance-requests/75/",
    "is_read": false,
    "created_at": "2026-06-18T21:48:32.200Z"
  }
},
{
  "model": "cssd.notification",
  "pk": 268,
  "fields": {
    "recipient": 18,
    "target_group": "USER",
    "title": "New Maintenance Request",
    "message": "New fault reported for Dental unite - Male Clinics",
    "cssd_request": null,
    "url": "/maintenance-requests/75/",
    "is_read": false,
    "created_at": "2026-06-18T21:48:32.211Z"
  }
},
{
  "model": "cssd.notification",
  "pk": 269,
  "fields": {
    "recipient": null,
    "target_group": "ENGINEER",
    "title": "New Maintenance Request",
    "message": "New fault reported for Dental unite - Male Clinics",
    "cssd_request": null,
    "url": "/maintenance-requests/75/",
    "is_read": false,
    "created_at": "2026-06-18T21:48:32.222Z"
  }
},
{
  "model": "cssd.notification",
  "pk": 270,
  "fields": {
    "recipient": 15,
    "target_group": "USER",
    "title": "Engineer Started Maintenance",
    "message": "Engineer started work for Dental unite",
    "cssd_request": null,
    "url": "/maintenance-requests/75/",
    "is_read": false,
    "created_at": "2026-06-18T21:49:04.107Z"
  }
},
{
  "model": "cssd.notification",
  "pk": 271,
  "fields": {
    "recipient": 7,
    "target_group": "USER",
    "title": "Engineer Started Maintenance",
    "message": "Engineer started work for Dental unite",
    "cssd_request": null,
    "url": "/maintenance-requests/75/",
    "is_read": false,
    "created_at": "2026-06-18T21:49:04.118Z"
  }
},
{
  "model": "cssd.notification",
  "pk": 272,
  "fields": {
    "recipient": 1,
    "target_group": "USER",
    "title": "Engineer Started Maintenance",
    "message": "Engineer started work for Dental unite",
    "cssd_request": null,
    "url": "/maintenance-requests/75/",
    "is_read": false,
    "created_at": "2026-06-18T21:49:04.130Z"
  }
},
{
  "model": "cssd.notification",
  "pk": 273,
  "fields": {
    "recipient": 17,
    "target_group": "USER",
    "title": "Engineer Started Maintenance",
    "message": "Engineer started work for Dental unite",
    "cssd_request": null,
    "url": "/maintenance-requests/75/",
    "is_read": false,
    "created_at": "2026-06-18T21:49:04.145Z"
  }
},
{
  "model": "cssd.notification",
  "pk": 274,
  "fields": {
    "recipient": 18,
    "target_group": "USER",
    "title": "Engineer Started Maintenance",
    "message": "Engineer started work for Dental unite",
    "cssd_request": null,
    "url": "/maintenance-requests/75/",
    "is_read": false,
    "created_at": "2026-06-18T21:49:04.156Z"
  }
},
{
  "model": "cssd.notification",
  "pk": 275,
  "fields": {
    "recipient": null,
    "target_group": "MALE",
    "title": "Engineer Started Maintenance",
    "message": "Engineer started work for Dental unite",
    "cssd_request": null,
    "url": "/maintenance-requests/75/",
    "is_read": false,
    "created_at": "2026-06-18T21:49:04.168Z"
  }
},
{
  "model": "cssd.notification",
  "pk": 276,
  "fields": {
    "recipient": 1,
    "target_group": "USER",
    "title": "Repair Waiting Confirmation",
    "message": "Repair completed for Dental unite. Please confirm.",
    "cssd_request": null,
    "url": "/maintenance-requests/75/",
    "is_read": false,
    "created_at": "2026-06-18T21:49:19.024Z"
  }
},
{
  "model": "cssd.notification",
  "pk": 277,
  "fields": {
    "recipient": 17,
    "target_group": "USER",
    "title": "Repair Waiting Confirmation",
    "message": "Repair completed for Dental unite. Please confirm.",
    "cssd_request": null,
    "url": "/maintenance-requests/75/",
    "is_read": true,
    "created_at": "2026-06-18T21:49:19.035Z"
  }
},
{
  "model": "cssd.notification",
  "pk": 278,
  "fields": {
    "recipient": 18,
    "target_group": "USER",
    "title": "Repair Waiting Confirmation",
    "message": "Repair completed for Dental unite. Please confirm.",
    "cssd_request": null,
    "url": "/maintenance-requests/75/",
    "is_read": false,
    "created_at": "2026-06-18T21:49:19.047Z"
  }
},
{
  "model": "cssd.notification",
  "pk": 279,
  "fields": {
    "recipient": null,
    "target_group": "MALE",
    "title": "Repair Waiting Confirmation",
    "message": "Repair completed for Dental unite. Please confirm.",
    "cssd_request": null,
    "url": "/maintenance-requests/75/",
    "is_read": false,
    "created_at": "2026-06-18T21:49:19.059Z"
  }
},
{
  "model": "cssd.notification",
  "pk": 280,
  "fields": {
    "recipient": 15,
    "target_group": "USER",
    "title": "Repair Rejected",
    "message": "Clinic rejected repair for Dental unite",
    "cssd_request": null,
    "url": "/maintenance-requests/75/",
    "is_read": false,
    "created_at": "2026-06-18T21:50:19.724Z"
  }
},
{
  "model": "cssd.notification",
  "pk": 281,
  "fields": {
    "recipient": 1,
    "target_group": "USER",
    "title": "Repair Rejected",
    "message": "Clinic rejected repair for Dental unite",
    "cssd_request": null,
    "url": "/maintenance-requests/75/",
    "is_read": false,
    "created_at": "2026-06-18T21:50:19.737Z"
  }
},
{
  "model": "cssd.notification",
  "pk": 282,
  "fields": {
    "recipient": 17,
    "target_group": "USER",
    "title": "Repair Rejected",
    "message": "Clinic rejected repair for Dental unite",
    "cssd_request": null,
    "url": "/maintenance-requests/75/",
    "is_read": false,
    "created_at": "2026-06-18T21:50:19.749Z"
  }
},
{
  "model": "cssd.notification",
  "pk": 283,
  "fields": {
    "recipient": 18,
    "target_group": "USER",
    "title": "Repair Rejected",
    "message": "Clinic rejected repair for Dental unite",
    "cssd_request": null,
    "url": "/maintenance-requests/75/",
    "is_read": false,
    "created_at": "2026-06-18T21:50:19.760Z"
  }
},
{
  "model": "cssd.notification",
  "pk": 284,
  "fields": {
    "recipient": null,
    "target_group": "ENGINEER",
    "title": "Repair Rejected",
    "message": "Clinic rejected repair for Dental unite",
    "cssd_request": null,
    "url": "/maintenance-requests/75/",
    "is_read": false,
    "created_at": "2026-06-18T21:50:19.772Z"
  }
},
{
  "model": "cssd.notification",
  "pk": 285,
  "fields": {
    "recipient": 15,
    "target_group": "USER",
    "title": "Engineer Started Maintenance",
    "message": "Engineer started work for Dental unite",
    "cssd_request": null,
    "url": "/maintenance-requests/75/",
    "is_read": false,
    "created_at": "2026-06-18T21:50:30.587Z"
  }
},
{
  "model": "cssd.notification",
  "pk": 286,
  "fields": {
    "recipient": 7,
    "target_group": "USER",
    "title": "Engineer Started Maintenance",
    "message": "Engineer started work for Dental unite",
    "cssd_request": null,
    "url": "/maintenance-requests/75/",
    "is_read": false,
    "created_at": "2026-06-18T21:50:30.598Z"
  }
},
{
  "model": "cssd.notification",
  "pk": 287,
  "fields": {
    "recipient": 1,
    "target_group": "USER",
    "title": "Engineer Started Maintenance",
    "message": "Engineer started work for Dental unite",
    "cssd_request": null,
    "url": "/maintenance-requests/75/",
    "is_read": false,
    "created_at": "2026-06-18T21:50:30.611Z"
  }
},
{
  "model": "cssd.notification",
  "pk": 288,
  "fields": {
    "recipient": 17,
    "target_group": "USER",
    "title": "Engineer Started Maintenance",
    "message": "Engineer started work for Dental unite",
    "cssd_request": null,
    "url": "/maintenance-requests/75/",
    "is_read": false,
    "created_at": "2026-06-18T21:50:30.624Z"
  }
},
{
  "model": "cssd.notification",
  "pk": 289,
  "fields": {
    "recipient": 18,
    "target_group": "USER",
    "title": "Engineer Started Maintenance",
    "message": "Engineer started work for Dental unite",
    "cssd_request": null,
    "url": "/maintenance-requests/75/",
    "is_read": false,
    "created_at": "2026-06-18T21:50:30.637Z"
  }
},
{
  "model": "cssd.notification",
  "pk": 290,
  "fields": {
    "recipient": null,
    "target_group": "MALE",
    "title": "Engineer Started Maintenance",
    "message": "Engineer started work for Dental unite",
    "cssd_request": null,
    "url": "/maintenance-requests/75/",
    "is_read": false,
    "created_at": "2026-06-18T21:50:30.649Z"
  }
},
{
  "model": "cssd.notification",
  "pk": 291,
  "fields": {
    "recipient": 1,
    "target_group": "USER",
    "title": "Repair Waiting Confirmation",
    "message": "Repair completed for Dental unite. Please confirm.",
    "cssd_request": null,
    "url": "/maintenance-requests/75/",
    "is_read": false,
    "created_at": "2026-06-18T21:50:35.902Z"
  }
},
{
  "model": "cssd.notification",
  "pk": 292,
  "fields": {
    "recipient": 17,
    "target_group": "USER",
    "title": "Repair Waiting Confirmation",
    "message": "Repair completed for Dental unite. Please confirm.",
    "cssd_request": null,
    "url": "/maintenance-requests/75/",
    "is_read": false,
    "created_at": "2026-06-18T21:50:35.914Z"
  }
},
{
  "model": "cssd.notification",
  "pk": 293,
  "fields": {
    "recipient": 18,
    "target_group": "USER",
    "title": "Repair Waiting Confirmation",
    "message": "Repair completed for Dental unite. Please confirm.",
    "cssd_request": null,
    "url": "/maintenance-requests/75/",
    "is_read": false,
    "created_at": "2026-06-18T21:50:35.923Z"
  }
},
{
  "model": "cssd.notification",
  "pk": 294,
  "fields": {
    "recipient": null,
    "target_group": "MALE",
    "title": "Repair Waiting Confirmation",
    "message": "Repair completed for Dental unite. Please confirm.",
    "cssd_request": null,
    "url": "/maintenance-requests/75/",
    "is_read": false,
    "created_at": "2026-06-18T21:50:35.935Z"
  }
},
{
  "model": "cssd.notification",
  "pk": 295,
  "fields": {
    "recipient": 15,
    "target_group": "USER",
    "title": "Repair Confirmed",
    "message": "Clinic confirmed repair for Dental unite",
    "cssd_request": null,
    "url": "/maintenance-requests/75/",
    "is_read": false,
    "created_at": "2026-06-18T21:50:57.458Z"
  }
},
{
  "model": "cssd.notification",
  "pk": 296,
  "fields": {
    "recipient": 1,
    "target_group": "USER",
    "title": "Repair Confirmed",
    "message": "Clinic confirmed repair for Dental unite",
    "cssd_request": null,
    "url": "/maintenance-requests/75/",
    "is_read": false,
    "created_at": "2026-06-18T21:50:57.477Z"
  }
},
{
  "model": "cssd.notification",
  "pk": 297,
  "fields": {
    "recipient": 17,
    "target_group": "USER",
    "title": "Repair Confirmed",
    "message": "Clinic confirmed repair for Dental unite",
    "cssd_request": null,
    "url": "/maintenance-requests/75/",
    "is_read": true,
    "created_at": "2026-06-18T21:50:57.489Z"
  }
},
{
  "model": "cssd.notification",
  "pk": 298,
  "fields": {
    "recipient": 18,
    "target_group": "USER",
    "title": "Repair Confirmed",
    "message": "Clinic confirmed repair for Dental unite",
    "cssd_request": null,
    "url": "/maintenance-requests/75/",
    "is_read": false,
    "created_at": "2026-06-18T21:50:57.501Z"
  }
},
{
  "model": "cssd.notification",
  "pk": 299,
  "fields": {
    "recipient": null,
    "target_group": "ENGINEER",
    "title": "Repair Confirmed",
    "message": "Clinic confirmed repair for Dental unite",
    "cssd_request": null,
    "url": "/maintenance-requests/75/",
    "is_read": false,
    "created_at": "2026-06-18T21:50:57.513Z"
  }
},
{
  "model": "cssd.notification",
  "pk": 300,
  "fields": {
    "recipient": 15,
    "target_group": "USER",
    "title": "Maintenance Report Approved",
    "message": "Report approved for Dental unite",
    "cssd_request": null,
    "url": "/maintenance-requests/75/",
    "is_read": false,
    "created_at": "2026-06-18T21:51:10.458Z"
  }
},
{
  "model": "cssd.notification",
  "pk": 301,
  "fields": {
    "recipient": 7,
    "target_group": "USER",
    "title": "Maintenance Report Approved",
    "message": "Report approved for Dental unite",
    "cssd_request": null,
    "url": "/maintenance-requests/75/",
    "is_read": false,
    "created_at": "2026-06-18T21:51:10.468Z"
  }
},
{
  "model": "cssd.notification",
  "pk": 302,
  "fields": {
    "recipient": 1,
    "target_group": "USER",
    "title": "Maintenance Report Approved",
    "message": "Report approved for Dental unite",
    "cssd_request": null,
    "url": "/maintenance-requests/75/",
    "is_read": false,
    "created_at": "2026-06-18T21:51:10.480Z"
  }
},
{
  "model": "cssd.notification",
  "pk": 303,
  "fields": {
    "recipient": 17,
    "target_group": "USER",
    "title": "Maintenance Report Approved",
    "message": "Report approved for Dental unite",
    "cssd_request": null,
    "url": "/maintenance-requests/75/",
    "is_read": false,
    "created_at": "2026-06-18T21:51:10.491Z"
  }
},
{
  "model": "cssd.notification",
  "pk": 304,
  "fields": {
    "recipient": 18,
    "target_group": "USER",
    "title": "Maintenance Report Approved",
    "message": "Report approved for Dental unite",
    "cssd_request": null,
    "url": "/maintenance-requests/75/",
    "is_read": false,
    "created_at": "2026-06-18T21:51:10.502Z"
  }
},
{
  "model": "cssd.notification",
  "pk": 305,
  "fields": {
    "recipient": 1,
    "target_group": "USER",
    "title": "Infection Control Cleaning Completed",
    "message": "student clinic no2 cleaning checklist completed by laila.",
    "cssd_request": null,
    "url": "/infection-control/tasks/2/report/",
    "is_read": false,
    "created_at": "2026-06-19T02:55:54.818Z"
  }
},
{
  "model": "cssd.notification",
  "pk": 306,
  "fields": {
    "recipient": 17,
    "target_group": "USER",
    "title": "Infection Control Cleaning Completed",
    "message": "student clinic no2 cleaning checklist completed by laila.",
    "cssd_request": null,
    "url": "/infection-control/tasks/2/report/",
    "is_read": false,
    "created_at": "2026-06-19T02:55:54.830Z"
  }
},
{
  "model": "cssd.notification",
  "pk": 307,
  "fields": {
    "recipient": 18,
    "target_group": "USER",
    "title": "Infection Control Cleaning Completed",
    "message": "student clinic no2 cleaning checklist completed by laila.",
    "cssd_request": null,
    "url": "/infection-control/tasks/2/report/",
    "is_read": false,
    "created_at": "2026-06-19T02:55:54.844Z"
  }
},
{
  "model": "cssd.notification",
  "pk": 308,
  "fields": {
    "recipient": null,
    "target_group": "MAINTENANCE_MANAGER",
    "title": "Infection Control Cleaning Completed",
    "message": "student clinic no2 cleaning checklist completed by laila.",
    "cssd_request": null,
    "url": "/infection-control/tasks/2/report/",
    "is_read": false,
    "created_at": "2026-06-19T02:55:54.855Z"
  }
},
{
  "model": "cssd.notification",
  "pk": 309,
  "fields": {
    "recipient": null,
    "target_group": "HOSPITAL_MANAGER",
    "title": "Infection Control Cleaning Completed",
    "message": "student clinic no2 cleaning checklist completed by laila.",
    "cssd_request": null,
    "url": "/infection-control/tasks/2/report/",
    "is_read": true,
    "created_at": "2026-06-19T02:55:54.866Z"
  }
},
{
  "model": "cssd.notification",
  "pk": 310,
  "fields": {
    "recipient": null,
    "target_group": "INFECTION_CONTROL_MANAGER",
    "title": "Infection Control Cleaning Completed",
    "message": "student clinic no2 cleaning checklist completed by laila.",
    "cssd_request": null,
    "url": "/infection-control/tasks/2/report/",
    "is_read": false,
    "created_at": "2026-06-19T02:55:54.877Z"
  }
},
{
  "model": "cssd.pmtemplate",
  "pk": 1,
  "fields": {
    "name": "Dental Unit PPM"
  }
},
{
  "model": "cssd.pmtemplate",
  "pk": 2,
  "fields": {
    "name": "Autoclave PPM"
  }
},
{
  "model": "cssd.pmtemplate",
  "pk": 3,
  "fields": {
    "name": "Radiology PPM"
  }
},
{
  "model": "cssd.pmtemplateitem",
  "pk": 1,
  "fields": {
    "template": 1,
    "system": "Chair Base",
    "component": "Chair Movement Motor",
    "inspection_points": "\"Check smooth up/down movement\r\nCheck unusual noise/vibration\r\nCheck motor mounting bolts\r\nCheck current draw if applicable\"",
    "sort_order": 1
  }
},
{
  "model": "cssd.pmtemplateitem",
  "pk": 2,
  "fields": {
    "template": 1,
    "system": "Chair Base",
    "component": "Backrest & Headrest",
    "inspection_points": "Chair Base\tBackrest & Headrest\t\"Check locking mechanism\r\nCheck range of motion\r\nInspect hinges and joints\r\nLubricate moving parts\"",
    "sort_order": 2
  }
},
{
  "model": "cssd.pmtemplateitem",
  "pk": 3,
  "fields": {
    "template": 1,
    "system": "Foot Control",
    "component": "Foot Pedal",
    "inspection_points": "\"Verify all functions respond correctly\r\nInspect cable condition\r\nCheck return spring operation\"",
    "sort_order": 3
  }
},
{
  "model": "cssd.pmtemplateitem",
  "pk": 4,
  "fields": {
    "template": 1,
    "system": "Air System",
    "component": "Air Regulator & Filter",
    "inspection_points": "\"Verify operating pressure\r\nInspect filter condition\r\nDrain moisture if installed\r\nCheck for air leakage\"",
    "sort_order": 4
  }
},
{
  "model": "cssd.pmtemplateitem",
  "pk": 5,
  "fields": {
    "template": 1,
    "system": "Water System",
    "component": "Water Bottle & Lines",
    "inspection_points": "\"Inspect bottle condition\r\nCheck water flow rate\r\nInspect tubing for leaks/cracks\r\nPerform waterline disinfection\"",
    "sort_order": 5
  }
},
{
  "model": "cssd.pmtemplateitem",
  "pk": 6,
  "fields": {
    "template": 1,
    "system": "Dentist Element",
    "component": "3-Way Syringe",
    "inspection_points": "\"Check air function\r\nCheck water function\r\nCheck spray pattern\r\nInspect O-rings and leaks\"",
    "sort_order": 6
  }
},
{
  "model": "cssd.pmtemplateitem",
  "pk": 7,
  "fields": {
    "template": 1,
    "system": "Dentist Element",
    "component": "Micromotor",
    "inspection_points": "\"Check speed control\r\nCheck forward/reverse function\r\nInspect electrical connection\r\nCheck overheating\"",
    "sort_order": 7
  }
},
{
  "model": "cssd.pmtemplateitem",
  "pk": 8,
  "fields": {
    "template": 1,
    "system": "Dentist Element",
    "component": "Handpiece Tubing",
    "inspection_points": "\"Inspect tubing damage\r\nCheck coupling integrity\r\nCheck air/water delivery\r\nInspect for leakage\"",
    "sort_order": 8
  }
},
{
  "model": "cssd.pmtemplateitem",
  "pk": 9,
  "fields": {
    "template": 1,
    "system": "Operating Light",
    "component": "LED/Halogen Light",
    "inspection_points": "\"Check illumination intensity\r\nCheck focus pattern\r\nInspect handles\r\nVerify positioning arm movement\"",
    "sort_order": 9
  }
},
{
  "model": "cssd.pmtemplateitem",
  "pk": 10,
  "fields": {
    "template": 1,
    "system": "Suction System",
    "component": "HVE & Saliva Ejector",
    "inspection_points": "\"Check suction performance\r\nInspect hoses\r\nClean traps and filters\r\nCheck for blockage\"",
    "sort_order": 10
  }
},
{
  "model": "cssd.pmtemplateitem",
  "pk": 11,
  "fields": {
    "template": 1,
    "system": "Cuspidor",
    "component": "Bowl & Cup Filler",
    "inspection_points": "\"Check bowl rinse function\r\nCheck cup filler operation\r\nInspect drain line\r\nCheck sensors if fitted\"",
    "sort_order": 11
  }
},
{
  "model": "cssd.pmtemplateitem",
  "pk": 13,
  "fields": {
    "template": 1,
    "system": "Electrical System",
    "component": "Power Supply",
    "inspection_points": "\"Inspect power cord\r\nCheck grounding\r\nInspect fuses\r\nVerify voltage output\"",
    "sort_order": 12
  }
},
{
  "model": "cssd.pmtemplateitem",
  "pk": 14,
  "fields": {
    "template": 1,
    "system": "Safety",
    "component": "Emergency Stop",
    "inspection_points": "\"Test emergency stop function\r\nVerify reset operation\r\nInspect switch condition\"",
    "sort_order": 13
  }
},
{
  "model": "cssd.asset",
  "pk": 8,
  "fields": {
    "asset_number": "001",
    "device_name": "Dental unite",
    "manufacturer": "kavo",
    "pm_template": 1,
    "model": "1058",
    "serial_number": "001001002",
    "department": "student clinic no1",
    "location": 1,
    "installation_date": null,
    "status": "ACTIVE",
    "notes": "",
    "last_pm_date": "2026-01-01",
    "next_pm_date": null,
    "created_at": "2026-06-18T21:44:59.966Z"
  }
},
{
  "model": "cssd.asset",
  "pk": 9,
  "fields": {
    "asset_number": "002",
    "device_name": "dental unite",
    "manufacturer": "kavo",
    "pm_template": 1,
    "model": "1058",
    "serial_number": "0101",
    "department": "student clinic no2",
    "location": 1,
    "installation_date": null,
    "status": "ACTIVE",
    "notes": "",
    "last_pm_date": "2026-06-01",
    "next_pm_date": null,
    "created_at": "2026-06-18T21:46:06.948Z"
  }
},
{
  "model": "cssd.maintenancerequest",
  "pk": 75,
  "fields": {
    "asset": 8,
    "reported_by": 7,
    "request_source": "SYSTEM",
    "external_reporter_name": "",
    "assigned_to": 15,
    "fault_description": "hh",
    "priority": "NORMAL",
    "status": "CLOSED",
    "reported_at": "2026-06-18T21:48:32.136Z",
    "closed_at": "2026-06-18T21:50:57.526Z",
    "confirmed_by": 7,
    "confirmed_at": "2026-06-18T21:50:57.418Z",
    "clinic_approved_by": null,
    "clinic_approved_at": null,
    "clinic_feedback": "",
    "work_done": "done",
    "after_spare_part_work": "",
    "needs_spare_parts": false,
    "spare_part_name": "",
    "installed_spare_part": "",
    "notes": "",
    "report_approved": true,
    "report_approved_by": 17,
    "report_approved_at": "2026-06-18T21:51:10.404Z",
    "report_rejected": false,
    "report_manager_comment": ""
  }
},
{
  "model": "cssd.maintenancerequesttimeline",
  "pk": 236,
  "fields": {
    "maintenance_request": 75,
    "action": "Request Created",
    "note": "hh",
    "created_by": 7,
    "created_at": "2026-06-18T21:48:32.163Z"
  }
},
{
  "model": "cssd.maintenancerequesttimeline",
  "pk": 237,
  "fields": {
    "maintenance_request": 75,
    "action": "Engineer Started Work",
    "note": null,
    "created_by": 15,
    "created_at": "2026-06-18T21:49:04.084Z"
  }
},
{
  "model": "cssd.maintenancerequesttimeline",
  "pk": 238,
  "fields": {
    "maintenance_request": 75,
    "action": "Engineer Completed Work",
    "note": "done",
    "created_by": 15,
    "created_at": "2026-06-18T21:49:19.012Z"
  }
},
{
  "model": "cssd.maintenancerequesttimeline",
  "pk": 239,
  "fields": {
    "maintenance_request": 75,
    "action": "Clinic Rejected Repair",
    "note": ",,",
    "created_by": 7,
    "created_at": "2026-06-18T21:50:19.683Z"
  }
},
{
  "model": "cssd.maintenancerequesttimeline",
  "pk": 240,
  "fields": {
    "maintenance_request": 75,
    "action": "Engineer Started Work",
    "note": null,
    "created_by": 15,
    "created_at": "2026-06-18T21:50:30.558Z"
  }
},
{
  "model": "cssd.maintenancerequesttimeline",
  "pk": 241,
  "fields": {
    "maintenance_request": 75,
    "action": "Engineer Completed Work",
    "note": "done",
    "created_by": 15,
    "created_at": "2026-06-18T21:50:35.882Z"
  }
},
{
  "model": "cssd.maintenancerequesttimeline",
  "pk": 242,
  "fields": {
    "maintenance_request": 75,
    "action": "Clinic Confirmed & Request Closed",
    "note": "",
    "created_by": 7,
    "created_at": "2026-06-18T21:50:57.419Z"
  }
},
{
  "model": "cssd.maintenancerequesttimeline",
  "pk": 243,
  "fields": {
    "maintenance_request": 75,
    "action": "Report Approved By Maintenance Manager",
    "note": null,
    "created_by": 17,
    "created_at": "2026-06-18T21:51:10.443Z"
  }
},
{
  "model": "cssd.infectionproceduretemplate",
  "pk": 1,
  "fields": {
    "name": "Dental Unit Cleaning Procedure",
    "is_active": true
  }
},
{
  "model": "cssd.infectionproceduretemplateitem",
  "pk": 1,
  "fields": {
    "template": 1,
    "field_name": "surface_cleaning",
    "label": "ĘäŮíÝ ćĘŘĺíŃ ÇáĂÓŘÍ",
    "sort_order": 1,
    "is_active": true
  }
},
{
  "model": "cssd.infectionproceduretemplateitem",
  "pk": 2,
  "fields": {
    "template": 1,
    "field_name": "chair_cleaning",
    "label": "ĘäŮíÝ ćĘŘĺíŃ ßŃÓí ÇáĂÓäÇä",
    "sort_order": 2,
    "is_active": true
  }
},
{
  "model": "cssd.infectionproceduretemplateitem",
  "pk": 3,
  "fields": {
    "template": 1,
    "field_name": "spittoon_cleaning",
    "label": "ĘäŮíÝ ćĘŘĺíŃ ăŐÝÇÉ ÇáăČŐŢÉ",
    "sort_order": 3,
    "is_active": true
  }
},
{
  "model": "cssd.infectionproceduretemplateitem",
  "pk": 4,
  "fields": {
    "template": 1,
    "field_name": "suction_filter_cleaning",
    "label": "ĘäŮíÝ ćĘŘĺíŃ ÝáÇĘŃ ćÍĎÇĘ ÇáÔÝŘ",
    "sort_order": 4,
    "is_active": true
  }
},
{
  "model": "cssd.infectionproceduretemplateitem",
  "pk": 5,
  "fields": {
    "template": 1,
    "field_name": "handwash_basin_cleaning",
    "label": "ĘäŮíÝ ćĘŘĺíŃ ÍćÖ ŰÓá ÇáíĎíä",
    "sort_order": 5,
    "is_active": true
  }
},
{
  "model": "cssd.infectionproceduretemplateitem",
  "pk": 6,
  "fields": {
    "template": 1,
    "field_name": "ppe_drawers_refill",
    "label": "ĘÚČĆÉ ÇáĂĎŃÇĚ ČĂĎćÇĘ ÇáÍăÇíÉ ÇáÔÎŐíÉ",
    "sort_order": 6,
    "is_active": true
  }
},
{
  "model": "cssd.infectionproceduretemplateitem",
  "pk": 7,
  "fields": {
    "template": 1,
    "field_name": "soap_refill",
    "label": "ĘÚČĆÉ ÍÇćíÇĘ ÇáŐÇČćä",
    "sort_order": 7,
    "is_active": true
  }
},
{
  "model": "cssd.infectionproceduretemplateitem",
  "pk": 8,
  "fields": {
    "template": 1,
    "field_name": "sanitizer_refill",
    "label": "ĘÚČĆÉ ÍÇćíÇĘ ăŘĺŃ ÇáíĎíä",
    "sort_order": 8,
    "is_active": true
  }
},
{
  "model": "cssd.infectioncleaningassignment",
  "pk": 1,
  "fields": {
    "asset": 9,
    "clinic": 2,
    "nurse": 9,
    "weekday": 3,
    "is_active": true,
    "notes": ""
  }
},
{
  "model": "cssd.infectioncleaningtask",
  "pk": 1,
  "fields": {
    "assignment": 1,
    "asset": 9,
    "clinic": 2,
    "nurse": 9,
    "due_date": "2026-06-19",
    "status": "PENDING",
    "completed_at": null,
    "completed_by": null,
    "surface_cleaning": false,
    "surface_cleaning_reason": "",
    "chair_cleaning": false,
    "chair_cleaning_reason": "",
    "spittoon_cleaning": false,
    "spittoon_cleaning_reason": "",
    "suction_filter_cleaning": false,
    "suction_filter_cleaning_reason": "",
    "handwash_basin_cleaning": false,
    "handwash_basin_cleaning_reason": "",
    "ppe_drawers_refill": false,
    "ppe_drawers_refill_reason": "",
    "soap_refill": false,
    "soap_refill_reason": "",
    "sanitizer_refill": false,
    "sanitizer_refill_reason": "",
    "responsible_employee": "",
    "general_comment": "",
    "created_at": "2026-06-19T02:55:02.746Z",
    "updated_at": "2026-06-19T02:55:02.746Z"
  }
},
{
  "model": "cssd.infectioncleaningtask",
  "pk": 2,
  "fields": {
    "assignment": 1,
    "asset": 9,
    "clinic": 2,
    "nurse": 9,
    "due_date": "2026-06-18",
    "status": "COMPLETED",
    "completed_at": "2026-06-19T02:55:54.791Z",
    "completed_by": 9,
    "surface_cleaning": true,
    "surface_cleaning_reason": "",
    "chair_cleaning": true,
    "chair_cleaning_reason": "",
    "spittoon_cleaning": true,
    "spittoon_cleaning_reason": "",
    "suction_filter_cleaning": true,
    "suction_filter_cleaning_reason": "",
    "handwash_basin_cleaning": true,
    "handwash_basin_cleaning_reason": "",
    "ppe_drawers_refill": true,
    "ppe_drawers_refill_reason": "",
    "soap_refill": true,
    "soap_refill_reason": "",
    "sanitizer_refill": true,
    "sanitizer_refill_reason": "",
    "responsible_employee": "laila",
    "general_comment": "",
    "created_at": "2026-06-19T02:55:29.957Z",
    "updated_at": "2026-06-19T02:55:54.791Z"
  }
}
]
